"id","county_code","unleaded_95","unleaded_100","motor_oil","heating_oil","autogas","price_date","validation","record_date"
"47634","51","1.585","1.777","1.320","0.996","0.985","01/01/2018","ΝΟΜΟΣ ΧΙΟΥ","2018-01-01"
"47633","50","1.576","1.799","1.349","1.017","0.905","01/01/2018","ΝΟΜΟΣ ΧΑΝΙΩΝ","2018-01-01"
"47632","49","1.563","1.712","0.998","0.833","0.000","01/01/2018","ΝΟΜΟΣ ΧΑΛΚΙΔΙΚΗΣ","2018-01-01"
"47631","48","1.585","1.785","1.358","1.056","0.892","01/01/2018","ΝΟΜΟΣ ΦΩΚΙΔΟΣ","2018-01-01"
"47630","47","1.528","1.721","1.323","1.006","0.843","01/01/2018","ΝΟΜΟΣ ΦΛΩΡΙΝΗΣ","2018-01-01"
"47629","46","1.545","1.769","1.305","1.017","0.853","01/01/2018","ΝΟΜΟΣ ΦΘΙΩΤΙΔΟΣ","2018-01-01"
"47628","45","1.555","1.731","1.335","0.985","0.821","01/01/2018","ΝΟΜΟΣ ΤΡΙΚΑΛΩΝ","2018-01-01"
"47627","44","1.522","1.664","0.986","0.860","0.000","01/01/2018","ΝΟΜΟΣ ΣΕΡΡΩΝ","2018-01-01"
"47626","43","1.676","1.810","0.000","0.928","0.000","01/01/2018","ΝΟΜΟΣ ΣΑΜΟΥ","2018-01-01"
"47625","42","1.532","1.697","0.988","0.841","0.000","01/01/2018","ΝΟΜΟΣ ΡΟΔΟΠΗΣ","2018-01-01"
"47624","41","1.607","1.791","1.060","0.894","0.000","01/01/2018","ΝΟΜΟΣ ΡΕΘΥΜΝΗΣ","2018-01-01"
"47623","40","1.532","1.694","1.301","0.987","0.820","01/01/2018","ΝΟΜΟΣ ΠΡΕΒΕΖΗΣ","2018-01-01"
"47622","39","1.523","1.706","1.290","0.980","0.829","01/01/2018","ΝΟΜΟΣ ΠΙΕΡΙΑΣ","2018-01-01"
"47621","38","1.535","1.688","0.982","0.804","0.000","01/01/2018","ΝΟΜΟΣ ΠΕΛΛΗΣ","2018-01-01"
"47620","37","1.503","1.720","0.980","0.765","0.000","01/01/2018","ΝΟΜΟΣ ΞΑΝΘΗΣ","2018-01-01"
"47619","36","1.561","1.745","1.307","1.031","0.879","01/01/2018","ΝΟΜΟΣ ΜΕΣΣΗΝΙΑΣ","2018-01-01"
"47618","35","1.566","1.746","1.329","1.011","0.855","01/01/2018","ΝΟΜΟΣ ΜΑΓΝΗΣΙΑΣ","2018-01-01"
"47617","34","1.567","1.758","1.322","1.029","0.838","01/01/2018","ΝΟΜΟΣ ΛΕΥΚΑΔΟΣ","2018-01-01"
"47616","33","1.580","1.772","1.335","1.070","0.936","01/01/2018","ΝΟΜΟΣ ΛΕΣΒΟΥ","2018-01-01"
"47615","32","1.600","1.786","1.345","1.037","0.893","01/01/2018","ΝΟΜΟΣ ΛΑΣΙΘΙΟΥ","2018-01-01"
"47614","31","1.529","1.725","1.297","0.999","0.826","01/01/2018","ΝΟΜΟΣ ΛΑΡΙΣΗΣ","2018-01-01"
"47613","30","1.547","1.728","1.312","1.006","0.849","01/01/2018","ΝΟΜΟΣ ΛΑΚΩΝΙΑΣ","2018-01-01"
"47612","29","1.786","1.927","1.477","1.148","0.971","01/01/2018","ΝΟΜΟΣ ΚΥΚΛΑΔΩΝ","2018-01-01"
"47611","28","1.529","1.724","1.307","0.995","0.853","01/01/2018","ΝΟΜΟΣ ΚΟΡΙΝΘΙΑΣ","2018-01-01"
"47610","27","1.538","1.702","1.319","1.000","0.807","01/01/2018","ΝΟΜΟΣ ΚΟΖΑΝΗΣ","2018-01-01"
"47609","26","1.531","1.811","1.291","0.979","0.844","01/01/2018","ΝΟΜΟΣ ΚΙΛΚΙΣ","2018-01-01"
"47608","25","1.628","1.792","1.349","1.039","0.000","01/01/2018","ΝΟΜΟΣ ΚΕΦΑΛΛΗΝΙΑΣ","2018-01-01"
"47607","24","1.573","1.786","1.338","1.058","0.952","01/01/2018","ΝΟΜΟΣ ΚΕΡΚΥΡΑΣ","2018-01-01"
"47606","23","1.580","1.806","1.341","1.028","0.844","01/01/2018","ΝΟΜΟΣ ΚΑΣΤΟΡΙΑΣ","2018-01-01"
"47605","22","1.551","1.758","1.305","0.999","0.822","01/01/2018","ΝΟΜΟΣ ΚΑΡΔΙΤΣΗΣ","2018-01-01"
"47604","21","1.556","1.757","1.322","1.005","0.834","01/01/2018","ΝΟΜΟΣ ΚΑΒΑΛΑΣ","2018-01-01"
"47603","20","1.518","1.822","1.308","0.991","0.832","01/01/2018","ΝΟΜΟΣ ΙΩΑΝΝΙΝΩΝ","2018-01-01"
"47602","19","1.511","1.716","0.987","0.834","0.000","01/01/2018","ΝΟΜΟΣ ΘΕΣΣΑΛΟΝΙΚΗΣ","2018-01-01"
"47601","18","1.558","1.728","1.326","1.035","0.852","01/01/2018","ΝΟΜΟΣ ΘΕΣΠΡΩΤΙΑΣ","2018-01-01"
"47600","17","1.585","1.762","1.002","0.923","0.000","01/01/2018","ΝΟΜΟΣ ΗΡΑΚΛΕΙΟΥ","2018-01-01"
"47599","16","1.516","1.710","1.289","0.989","0.779","01/01/2018","ΝΟΜΟΣ ΗΜΑΘΙΑΣ","2018-01-01"
"47598","15","1.544","1.718","1.304","0.995","0.819","01/01/2018","ΝΟΜΟΣ ΗΛΕΙΑΣ","2018-01-01"
"47597","14","1.565","1.680","1.312","1.015","0.969","01/01/2018","ΝΟΜΟΣ ΖΑΚΥΝΘΟΥ","2018-01-01"
"47596","13","1.635","1.862","1.386","1.074","0.000","01/01/2018","ΝΟΜΟΣ ΕΥΡΥΤΑΝΙΑΣ","2018-01-01"
"47595","12","1.546","1.729","1.314","0.997","0.831","01/01/2018","ΝΟΜΟΣ ΕΥΒΟΙΑΣ","2018-01-01"
"47594","11","1.561","1.749","1.331","1.006","0.859","01/01/2018","ΝΟΜΟΣ ΕΒΡΟΥ","2018-01-01"
"47593","10","1.660","1.845","1.395","1.071","0.892","01/01/2018","ΝΟΜΟΣ ΔΩΔΕΚΑΝΗΣΟΥ","2018-01-01"
"47592","9","1.515","1.707","0.979","0.843","0.000","01/01/2018","ΝΟΜΟΣ ΔΡΑΜΑΣ","2018-01-01"
"47591","8","1.584","1.782","1.352","1.036","0.838","01/01/2018","ΝΟΜΟΣ ΓΡΕΒΕΝΩΝ","2018-01-01"
"47590","7","1.538","1.761","1.310","0.995","0.835","01/01/2018","ΝΟΜΟΣ ΒΟΙΩΤΙΑΣ","2018-01-01"
"47589","6","1.522","1.732","1.305","0.997","0.851","01/01/2018","ΝΟΜΟΣ ΑΧΑΪΑΣ","2018-01-01"
"47588","5","1.529","1.725","1.016","0.868","0.000","01/01/2018","ΝΟΜΟΣ ΑΡΤΗΣ","2018-01-01"
"47587","4","1.559","1.748","1.330","1.002","0.846","01/01/2018","ΝΟΜΟΣ ΑΡΚΑΔΙΑΣ","2018-01-01"
"47586","3","1.528","1.700","1.292","1.000","0.845","01/01/2018","ΝΟΜΟΣ ΑΡΓΟΛΙΔΟΣ","2018-01-01"
"47585","2","1.556","1.754","1.323","1.029","0.874","01/01/2018","ΝΟΜΟΣ ΑΙΤΩΛΙΑΣ ΚΑΙ ΑΚΑΡΝΑΝΙΑΣ","2018-01-01"
"47584","1","1.511","1.724","1.285","0.984","0.803","01/01/2018","ΝΟΜΟΣ ΑΤΤΙΚΗΣ","2018-01-01"
"11627","50","1.576","1.799","1.350","1.019","0.905","02/01/2018","ΝΟΜΟΣ ΧΑΝΙΩΝ","2018-01-02"
"11626","49","1.565","1.715","1.000","0.835","0.000","02/01/2018","ΝΟΜΟΣ ΧΑΛΚΙΔΙΚΗΣ","2018-01-02"
"11625","48","1.586","1.784","1.358","1.057","0.892","02/01/2018","ΝΟΜΟΣ ΦΩΚΙΔΟΣ","2018-01-02"
"11624","47","1.532","1.721","1.322","1.007","0.840","02/01/2018","ΝΟΜΟΣ ΦΛΩΡΙΝΗΣ","2018-01-02"
"11623","46","1.544","1.759","1.304","1.018","0.852","02/01/2018","ΝΟΜΟΣ ΦΘΙΩΤΙΔΟΣ","2018-01-02"
"11622","45","1.555","1.732","1.337","0.986","0.821","02/01/2018","ΝΟΜΟΣ ΤΡΙΚΑΛΩΝ","2018-01-02"
"11621","44","1.521","1.676","0.988","0.857","0.000","02/01/2018","ΝΟΜΟΣ ΣΕΡΡΩΝ","2018-01-02"
"11620","43","1.676","1.820","0.000","0.928","0.000","02/01/2018","ΝΟΜΟΣ ΣΑΜΟΥ","2018-01-02"
"11619","42","1.532","1.698","0.990","0.841","0.000","02/01/2018","ΝΟΜΟΣ ΡΟΔΟΠΗΣ","2018-01-02"
"11618","41","1.607","1.793","1.060","0.894","0.000","02/01/2018","ΝΟΜΟΣ ΡΕΘΥΜΝΗΣ","2018-01-02"
"11617","40","1.531","1.694","1.304","0.989","0.820","02/01/2018","ΝΟΜΟΣ ΠΡΕΒΕΖΗΣ","2018-01-02"
"11616","39","1.525","1.709","1.290","0.983","0.830","02/01/2018","ΝΟΜΟΣ ΠΙΕΡΙΑΣ","2018-01-02"
"11615","38","1.536","1.681","0.982","0.804","0.000","02/01/2018","ΝΟΜΟΣ ΠΕΛΛΗΣ","2018-01-02"
"11614","37","1.504","1.721","0.979","0.765","0.000","02/01/2018","ΝΟΜΟΣ ΞΑΝΘΗΣ","2018-01-02"
"11613","36","1.562","1.744","1.308","1.031","0.879","02/01/2018","ΝΟΜΟΣ ΜΕΣΣΗΝΙΑΣ","2018-01-02"
"11612","35","1.565","1.746","1.329","1.012","0.861","02/01/2018","ΝΟΜΟΣ ΜΑΓΝΗΣΙΑΣ","2018-01-02"
"11611","34","1.571","1.758","1.324","1.027","0.840","02/01/2018","ΝΟΜΟΣ ΛΕΥΚΑΔΟΣ","2018-01-02"
"11610","33","1.580","1.781","1.336","1.093","0.936","02/01/2018","ΝΟΜΟΣ ΛΕΣΒΟΥ","2018-01-02"
"11609","32","1.599","1.787","1.343","1.037","0.893","02/01/2018","ΝΟΜΟΣ ΛΑΣΙΘΙΟΥ","2018-01-02"
"11608","31","1.531","1.727","1.297","1.002","0.826","02/01/2018","ΝΟΜΟΣ ΛΑΡΙΣΗΣ","2018-01-02"
"11607","30","1.549","1.734","1.314","1.006","0.857","02/01/2018","ΝΟΜΟΣ ΛΑΚΩΝΙΑΣ","2018-01-02"
"11606","29","1.785","1.926","1.476","1.141","0.969","02/01/2018","ΝΟΜΟΣ ΚΥΚΛΑΔΩΝ","2018-01-02"
"11605","28","1.529","1.726","1.309","0.995","0.853","02/01/2018","ΝΟΜΟΣ ΚΟΡΙΝΘΙΑΣ","2018-01-02"
"11604","27","1.538","1.697","1.316","1.001","0.804","02/01/2018","ΝΟΜΟΣ ΚΟΖΑΝΗΣ","2018-01-02"
"11603","26","1.530","1.811","1.290","0.981","0.844","02/01/2018","ΝΟΜΟΣ ΚΙΛΚΙΣ","2018-01-02"
"11602","25","1.628","1.792","1.349","1.039","0.000","02/01/2018","ΝΟΜΟΣ ΚΕΦΑΛΛΗΝΙΑΣ","2018-01-02"
"11601","24","1.573","1.786","1.339","1.060","0.952","02/01/2018","ΝΟΜΟΣ ΚΕΡΚΥΡΑΣ","2018-01-02"
"11600","23","1.580","1.806","1.342","1.028","0.844","02/01/2018","ΝΟΜΟΣ ΚΑΣΤΟΡΙΑΣ","2018-01-02"
"11599","22","1.552","1.758","1.304","0.999","0.822","02/01/2018","ΝΟΜΟΣ ΚΑΡΔΙΤΣΗΣ","2018-01-02"
"11598","21","1.552","1.762","1.320","1.005","0.834","02/01/2018","ΝΟΜΟΣ ΚΑΒΑΛΑΣ","2018-01-02"
"11597","20","1.519","1.819","1.310","0.991","0.831","02/01/2018","ΝΟΜΟΣ ΙΩΑΝΝΙΝΩΝ","2018-01-02"
"11596","19","1.512","1.717","0.988","0.834","0.000","02/01/2018","ΝΟΜΟΣ ΘΕΣΣΑΛΟΝΙΚΗΣ","2018-01-02"
"11595","18","1.558","1.729","1.327","1.035","0.852","02/01/2018","ΝΟΜΟΣ ΘΕΣΠΡΩΤΙΑΣ","2018-01-02"
"11594","17","1.586","1.762","1.002","0.923","0.000","02/01/2018","ΝΟΜΟΣ ΗΡΑΚΛΕΙΟΥ","2018-01-02"
"11593","16","1.519","1.714","1.293","0.993","0.780","02/01/2018","ΝΟΜΟΣ ΗΜΑΘΙΑΣ","2018-01-02"
"11592","15","1.544","1.719","1.304","0.995","0.820","02/01/2018","ΝΟΜΟΣ ΗΛΕΙΑΣ","2018-01-02"
"11591","14","1.566","1.683","1.314","1.015","0.969","02/01/2018","ΝΟΜΟΣ ΖΑΚΥΝΘΟΥ","2018-01-02"
"11590","13","1.636","1.864","1.389","1.074","0.000","02/01/2018","ΝΟΜΟΣ ΕΥΡΥΤΑΝΙΑΣ","2018-01-02"
"11589","12","1.546","1.729","1.315","0.998","0.831","02/01/2018","ΝΟΜΟΣ ΕΥΒΟΙΑΣ","2018-01-02"
"11588","11","1.562","1.751","1.331","1.007","0.859","02/01/2018","ΝΟΜΟΣ ΕΒΡΟΥ","2018-01-02"
"11587","10","1.658","1.847","1.396","1.092","0.892","02/01/2018","ΝΟΜΟΣ ΔΩΔΕΚΑΝΗΣΟΥ","2018-01-02"
"11586","9","1.514","1.707","0.982","0.843","0.000","02/01/2018","ΝΟΜΟΣ ΔΡΑΜΑΣ","2018-01-02"
"11585","8","1.585","1.782","1.355","1.036","0.838","02/01/2018","ΝΟΜΟΣ ΓΡΕΒΕΝΩΝ","2018-01-02"
"11584","7","1.538","1.762","1.311","0.997","0.835","02/01/2018","ΝΟΜΟΣ ΒΟΙΩΤΙΑΣ","2018-01-02"
"11583","6","1.522","1.732","1.305","0.997","0.851","02/01/2018","ΝΟΜΟΣ ΑΧΑΪΑΣ","2018-01-02"
"11582","5","1.528","1.722","1.022","0.868","0.000","02/01/2018","ΝΟΜΟΣ ΑΡΤΗΣ","2018-01-02"
"11581","4","1.559","1.747","1.330","1.003","0.846","02/01/2018","ΝΟΜΟΣ ΑΡΚΑΔΙΑΣ","2018-01-02"
"11580","3","1.528","1.700","1.292","1.001","0.845","02/01/2018","ΝΟΜΟΣ ΑΡΓΟΛΙΔΟΣ","2018-01-02"
"11579","2","1.556","1.754","1.323","1.029","0.875","02/01/2018","ΝΟΜΟΣ ΑΙΤΩΛΙΑΣ ΚΑΙ ΑΚΑΡΝΑΝΙΑΣ","2018-01-02"
"11578","1","1.512","1.727","1.285","0.985","0.801","02/01/2018","ΝΟΜΟΣ ΑΤΤΙΚΗΣ","2018-01-02"
"11628","51","1.586","1.785","1.321","0.997","0.985","02/01/2018","ΝΟΜΟΣ ΧΙΟΥ","2018-01-02"
"72522","51","1.587","1.789","1.322","0.999","0.985","03/01/2018","ΝΟΜΟΣ ΧΙΟΥ","2018-01-03"
"72521","50","1.577","1.803","1.349","1.023","0.905","03/01/2018","ΝΟΜΟΣ ΧΑΝΙΩΝ","2018-01-03"
"72520","49","1.566","1.715","1.001","0.843","0.000","03/01/2018","ΝΟΜΟΣ ΧΑΛΚΙΔΙΚΗΣ","2018-01-03"
"72519","48","1.583","1.783","1.357","1.057","0.892","03/01/2018","ΝΟΜΟΣ ΦΩΚΙΔΟΣ","2018-01-03"
"72518","47","1.533","1.735","1.323","1.009","0.841","03/01/2018","ΝΟΜΟΣ ΦΛΩΡΙΝΗΣ","2018-01-03"
"72517","46","1.545","1.757","1.305","1.021","0.852","03/01/2018","ΝΟΜΟΣ ΦΘΙΩΤΙΔΟΣ","2018-01-03"
"72516","45","1.555","1.729","1.335","0.989","0.820","03/01/2018","ΝΟΜΟΣ ΤΡΙΚΑΛΩΝ","2018-01-03"
"72515","44","1.521","1.682","0.989","0.858","0.000","03/01/2018","ΝΟΜΟΣ ΣΕΡΡΩΝ","2018-01-03"
"72514","43","1.697","1.822","0.000","0.928","0.000","03/01/2018","ΝΟΜΟΣ ΣΑΜΟΥ","2018-01-03"
"72513","42","1.532","1.695","0.989","0.842","0.000","03/01/2018","ΝΟΜΟΣ ΡΟΔΟΠΗΣ","2018-01-03"
"72512","41","1.610","1.794","1.063","0.894","0.000","03/01/2018","ΝΟΜΟΣ ΡΕΘΥΜΝΗΣ","2018-01-03"
"72511","40","1.528","1.708","1.306","0.991","0.815","03/01/2018","ΝΟΜΟΣ ΠΡΕΒΕΖΗΣ","2018-01-03"
"72510","39","1.526","1.709","1.290","0.983","0.833","03/01/2018","ΝΟΜΟΣ ΠΙΕΡΙΑΣ","2018-01-03"
"72509","38","1.534","1.692","0.987","0.809","0.000","03/01/2018","ΝΟΜΟΣ ΠΕΛΛΗΣ","2018-01-03"
"72508","37","1.505","1.721","0.980","0.766","0.000","03/01/2018","ΝΟΜΟΣ ΞΑΝΘΗΣ","2018-01-03"
"72507","36","1.562","1.746","1.308","1.034","0.879","03/01/2018","ΝΟΜΟΣ ΜΕΣΣΗΝΙΑΣ","2018-01-03"
"72506","35","1.564","1.751","1.330","1.012","0.861","03/01/2018","ΝΟΜΟΣ ΜΑΓΝΗΣΙΑΣ","2018-01-03"
"72505","34","1.571","1.758","1.325","1.029","0.842","03/01/2018","ΝΟΜΟΣ ΛΕΥΚΑΔΟΣ","2018-01-03"
"72504","33","1.607","1.813","1.361","1.125","0.956","03/01/2018","ΝΟΜΟΣ ΛΕΣΒΟΥ","2018-01-03"
"72503","32","1.601","1.799","1.344","1.040","0.893","03/01/2018","ΝΟΜΟΣ ΛΑΣΙΘΙΟΥ","2018-01-03"
"72502","31","1.531","1.730","1.298","1.002","0.824","03/01/2018","ΝΟΜΟΣ ΛΑΡΙΣΗΣ","2018-01-03"
"72501","30","1.550","1.745","1.316","1.009","0.862","03/01/2018","ΝΟΜΟΣ ΛΑΚΩΝΙΑΣ","2018-01-03"
"72500","29","1.781","1.925","1.475","1.136","0.969","03/01/2018","ΝΟΜΟΣ ΚΥΚΛΑΔΩΝ","2018-01-03"
"72499","28","1.531","1.727","1.309","0.996","0.856","03/01/2018","ΝΟΜΟΣ ΚΟΡΙΝΘΙΑΣ","2018-01-03"
"72498","27","1.538","1.697","1.316","1.002","0.804","03/01/2018","ΝΟΜΟΣ ΚΟΖΑΝΗΣ","2018-01-03"
"72497","26","1.530","1.811","1.289","0.982","0.844","03/01/2018","ΝΟΜΟΣ ΚΙΛΚΙΣ","2018-01-03"
"72496","25","1.629","1.809","1.351","1.041","0.000","03/01/2018","ΝΟΜΟΣ ΚΕΦΑΛΛΗΝΙΑΣ","2018-01-03"
"72495","24","1.575","1.782","1.342","1.059","0.959","03/01/2018","ΝΟΜΟΣ ΚΕΡΚΥΡΑΣ","2018-01-03"
"72494","23","1.580","1.775","1.343","1.036","0.855","03/01/2018","ΝΟΜΟΣ ΚΑΣΤΟΡΙΑΣ","2018-01-03"
"72493","22","1.551","1.762","1.305","0.999","0.822","03/01/2018","ΝΟΜΟΣ ΚΑΡΔΙΤΣΗΣ","2018-01-03"
"72492","21","1.551","1.762","1.321","1.008","0.833","03/01/2018","ΝΟΜΟΣ ΚΑΒΑΛΑΣ","2018-01-03"
"72491","20","1.521","1.749","1.313","0.996","0.832","03/01/2018","ΝΟΜΟΣ ΙΩΑΝΝΙΝΩΝ","2018-01-03"
"72490","19","1.512","1.719","0.991","0.835","0.000","03/01/2018","ΝΟΜΟΣ ΘΕΣΣΑΛΟΝΙΚΗΣ","2018-01-03"
"72489","18","1.564","1.768","1.330","1.036","0.856","03/01/2018","ΝΟΜΟΣ ΘΕΣΠΡΩΤΙΑΣ","2018-01-03"
"72488","17","1.589","1.766","1.002","0.920","0.000","03/01/2018","ΝΟΜΟΣ ΗΡΑΚΛΕΙΟΥ","2018-01-03"
"72487","16","1.520","1.713","1.293","0.993","0.782","03/01/2018","ΝΟΜΟΣ ΗΜΑΘΙΑΣ","2018-01-03"
"72486","15","1.545","1.719","1.304","0.999","0.821","03/01/2018","ΝΟΜΟΣ ΗΛΕΙΑΣ","2018-01-03"
"72485","14","1.566","1.683","1.314","1.015","0.969","03/01/2018","ΝΟΜΟΣ ΖΑΚΥΝΘΟΥ","2018-01-03"
"72484","13","1.636","1.864","1.389","1.074","0.000","03/01/2018","ΝΟΜΟΣ ΕΥΡΥΤΑΝΙΑΣ","2018-01-03"
"72483","12","1.547","1.733","1.316","1.003","0.832","03/01/2018","ΝΟΜΟΣ ΕΥΒΟΙΑΣ","2018-01-03"
"72482","11","1.562","1.750","1.331","1.009","0.859","03/01/2018","ΝΟΜΟΣ ΕΒΡΟΥ","2018-01-03"
"72481","10","1.661","1.848","1.399","1.087","0.892","03/01/2018","ΝΟΜΟΣ ΔΩΔΕΚΑΝΗΣΟΥ","2018-01-03"
"72480","9","1.516","1.721","0.988","0.841","0.000","03/01/2018","ΝΟΜΟΣ ΔΡΑΜΑΣ","2018-01-03"
"72479","8","1.580","1.775","1.348","1.032","0.833","03/01/2018","ΝΟΜΟΣ ΓΡΕΒΕΝΩΝ","2018-01-03"
"72478","7","1.540","1.764","1.313","0.998","0.835","03/01/2018","ΝΟΜΟΣ ΒΟΙΩΤΙΑΣ","2018-01-03"
"72477","6","1.523","1.730","1.306","0.999","0.851","03/01/2018","ΝΟΜΟΣ ΑΧΑΪΑΣ","2018-01-03"
"72476","5","1.529","1.712","1.020","0.862","0.000","03/01/2018","ΝΟΜΟΣ ΑΡΤΗΣ","2018-01-03"
"72475","4","1.560","1.749","1.331","1.005","0.846","03/01/2018","ΝΟΜΟΣ ΑΡΚΑΔΙΑΣ","2018-01-03"
"72474","3","1.529","1.704","1.292","1.002","0.845","03/01/2018","ΝΟΜΟΣ ΑΡΓΟΛΙΔΟΣ","2018-01-03"
"72473","2","1.558","1.761","1.325","1.028","0.875","03/01/2018","ΝΟΜΟΣ ΑΙΤΩΛΙΑΣ ΚΑΙ ΑΚΑΡΝΑΝΙΑΣ","2018-01-03"
"72472","1","1.513","1.727","1.286","0.987","0.801","03/01/2018","ΝΟΜΟΣ ΑΤΤΙΚΗΣ","2018-01-03"
"88791","51","1.587","1.792","1.324","1.001","0.985","04/01/2018","ΝΟΜΟΣ ΧΙΟΥ","2018-01-04"
"88790","50","1.581","1.798","1.352","1.025","0.904","04/01/2018","ΝΟΜΟΣ ΧΑΝΙΩΝ","2018-01-04"
"88789","49","1.567","1.712","1.007","0.843","0.000","04/01/2018","ΝΟΜΟΣ ΧΑΛΚΙΔΙΚΗΣ","2018-01-04"
"88788","48","1.583","1.783","1.358","1.057","0.892","04/01/2018","ΝΟΜΟΣ ΦΩΚΙΔΟΣ","2018-01-04"
"88787","47","1.533","1.735","1.323","1.010","0.841","04/01/2018","ΝΟΜΟΣ ΦΛΩΡΙΝΗΣ","2018-01-04"
"88786","46","1.543","1.759","1.306","1.022","0.852","04/01/2018","ΝΟΜΟΣ ΦΘΙΩΤΙΔΟΣ","2018-01-04"
"88785","45","1.556","1.725","1.335","0.991","0.817","04/01/2018","ΝΟΜΟΣ ΤΡΙΚΑΛΩΝ","2018-01-04"
"88784","44","1.519","1.677","0.990","0.858","0.000","04/01/2018","ΝΟΜΟΣ ΣΕΡΡΩΝ","2018-01-04"
"88783","43","1.694","1.817","0.000","0.928","0.000","04/01/2018","ΝΟΜΟΣ ΣΑΜΟΥ","2018-01-04"
"88782","42","1.533","1.690","0.990","0.842","0.000","04/01/2018","ΝΟΜΟΣ ΡΟΔΟΠΗΣ","2018-01-04"
"88781","41","1.609","1.794","1.062","0.894","0.000","04/01/2018","ΝΟΜΟΣ ΡΕΘΥΜΝΗΣ","2018-01-04"
"88780","40","1.529","1.707","1.306","0.991","0.820","04/01/2018","ΝΟΜΟΣ ΠΡΕΒΕΖΗΣ","2018-01-04"
"88779","39","1.529","1.708","1.293","0.987","0.831","04/01/2018","ΝΟΜΟΣ ΠΙΕΡΙΑΣ","2018-01-04"
"88778","38","1.534","1.695","0.989","0.810","0.000","04/01/2018","ΝΟΜΟΣ ΠΕΛΛΗΣ","2018-01-04"
"88777","37","1.505","1.715","0.982","0.765","0.000","04/01/2018","ΝΟΜΟΣ ΞΑΝΘΗΣ","2018-01-04"
"88776","36","1.561","1.744","1.307","1.034","0.879","04/01/2018","ΝΟΜΟΣ ΜΕΣΣΗΝΙΑΣ","2018-01-04"
"88775","35","1.565","1.751","1.332","1.015","0.861","04/01/2018","ΝΟΜΟΣ ΜΑΓΝΗΣΙΑΣ","2018-01-04"
"88774","34","1.571","1.761","1.322","1.031","0.844","04/01/2018","ΝΟΜΟΣ ΛΕΥΚΑΔΟΣ","2018-01-04"
"88773","33","1.609","1.819","1.363","1.125","0.956","04/01/2018","ΝΟΜΟΣ ΛΕΣΒΟΥ","2018-01-04"
"88772","32","1.603","1.799","1.348","1.040","0.893","04/01/2018","ΝΟΜΟΣ ΛΑΣΙΘΙΟΥ","2018-01-04"
"88771","31","1.532","1.729","1.298","1.004","0.821","04/01/2018","ΝΟΜΟΣ ΛΑΡΙΣΗΣ","2018-01-04"
"88770","30","1.555","1.747","1.321","1.009","0.857","04/01/2018","ΝΟΜΟΣ ΛΑΚΩΝΙΑΣ","2018-01-04"
"88769","29","1.786","1.923","1.481","1.136","0.972","04/01/2018","ΝΟΜΟΣ ΚΥΚΛΑΔΩΝ","2018-01-04"
"88768","28","1.531","1.720","1.309","0.995","0.856","04/01/2018","ΝΟΜΟΣ ΚΟΡΙΝΘΙΑΣ","2018-01-04"
"88767","27","1.540","1.697","1.318","1.004","0.802","04/01/2018","ΝΟΜΟΣ ΚΟΖΑΝΗΣ","2018-01-04"
"88766","26","1.531","1.802","1.293","0.988","0.844","04/01/2018","ΝΟΜΟΣ ΚΙΛΚΙΣ","2018-01-04"
"88765","25","1.625","1.800","1.355","1.041","0.000","04/01/2018","ΝΟΜΟΣ ΚΕΦΑΛΛΗΝΙΑΣ","2018-01-04"
"88764","24","1.576","1.785","1.343","1.058","0.959","04/01/2018","ΝΟΜΟΣ ΚΕΡΚΥΡΑΣ","2018-01-04"
"88763","23","1.580","1.775","1.348","1.038","0.875","04/01/2018","ΝΟΜΟΣ ΚΑΣΤΟΡΙΑΣ","2018-01-04"
"88762","22","1.552","1.749","1.307","1.000","0.826","04/01/2018","ΝΟΜΟΣ ΚΑΡΔΙΤΣΗΣ","2018-01-04"
"88761","21","1.555","1.769","1.324","1.012","0.833","04/01/2018","ΝΟΜΟΣ ΚΑΒΑΛΑΣ","2018-01-04"
"88760","20","1.522","1.749","1.316","0.998","0.833","04/01/2018","ΝΟΜΟΣ ΙΩΑΝΝΙΝΩΝ","2018-01-04"
"88759","19","1.513","1.720","0.994","0.835","0.000","04/01/2018","ΝΟΜΟΣ ΘΕΣΣΑΛΟΝΙΚΗΣ","2018-01-04"
"88758","18","1.565","1.768","1.330","1.054","0.856","04/01/2018","ΝΟΜΟΣ ΘΕΣΠΡΩΤΙΑΣ","2018-01-04"
"88757","17","1.590","1.766","1.009","0.919","0.000","04/01/2018","ΝΟΜΟΣ ΗΡΑΚΛΕΙΟΥ","2018-01-04"
"88756","16","1.518","1.714","1.298","0.995","0.784","04/01/2018","ΝΟΜΟΣ ΗΜΑΘΙΑΣ","2018-01-04"
"88755","15","1.545","1.717","1.305","1.000","0.820","04/01/2018","ΝΟΜΟΣ ΗΛΕΙΑΣ","2018-01-04"
"88754","14","1.566","1.727","1.315","1.015","0.969","04/01/2018","ΝΟΜΟΣ ΖΑΚΥΝΘΟΥ","2018-01-04"
"88753","13","1.636","1.865","1.390","1.074","0.000","04/01/2018","ΝΟΜΟΣ ΕΥΡΥΤΑΝΙΑΣ","2018-01-04"
"88752","12","1.547","1.733","1.316","1.003","0.824","04/01/2018","ΝΟΜΟΣ ΕΥΒΟΙΑΣ","2018-01-04"
"88751","11","1.564","1.745","1.333","1.010","0.860","04/01/2018","ΝΟΜΟΣ ΕΒΡΟΥ","2018-01-04"
"88750","10","1.662","1.849","1.404","1.087","0.892","04/01/2018","ΝΟΜΟΣ ΔΩΔΕΚΑΝΗΣΟΥ","2018-01-04"
"88749","9","1.515","1.721","0.988","0.836","0.000","04/01/2018","ΝΟΜΟΣ ΔΡΑΜΑΣ","2018-01-04"
"88748","8","1.581","1.768","1.347","1.032","0.833","04/01/2018","ΝΟΜΟΣ ΓΡΕΒΕΝΩΝ","2018-01-04"
"88747","7","1.540","1.761","1.313","1.000","0.835","04/01/2018","ΝΟΜΟΣ ΒΟΙΩΤΙΑΣ","2018-01-04"
"88746","6","1.524","1.734","1.308","1.003","0.855","04/01/2018","ΝΟΜΟΣ ΑΧΑΪΑΣ","2018-01-04"
"88745","5","1.531","1.715","1.027","0.862","0.000","04/01/2018","ΝΟΜΟΣ ΑΡΤΗΣ","2018-01-04"
"88744","4","1.560","1.749","1.331","1.005","0.846","04/01/2018","ΝΟΜΟΣ ΑΡΚΑΔΙΑΣ","2018-01-04"
"88743","3","1.531","1.704","1.294","1.002","0.845","04/01/2018","ΝΟΜΟΣ ΑΡΓΟΛΙΔΟΣ","2018-01-04"
"88742","2","1.558","1.761","1.328","1.026","0.873","04/01/2018","ΝΟΜΟΣ ΑΙΤΩΛΙΑΣ ΚΑΙ ΑΚΑΡΝΑΝΙΑΣ","2018-01-04"
"88741","1","1.514","1.726","1.288","0.989","0.801","04/01/2018","ΝΟΜΟΣ ΑΤΤΙΚΗΣ","2018-01-04"
"38046","51","1.589","1.790","1.330","1.005","0.985","05/01/2018","ΝΟΜΟΣ ΧΙΟΥ","2018-01-05"
"38045","50","1.583","1.789","1.353","1.026","0.902","05/01/2018","ΝΟΜΟΣ ΧΑΝΙΩΝ","2018-01-05"
"38044","49","1.567","1.708","1.012","0.845","0.000","05/01/2018","ΝΟΜΟΣ ΧΑΛΚΙΔΙΚΗΣ","2018-01-05"
"38043","48","1.586","1.779","1.360","1.059","0.892","05/01/2018","ΝΟΜΟΣ ΦΩΚΙΔΟΣ","2018-01-05"
"38042","47","1.535","1.730","1.328","1.011","0.841","05/01/2018","ΝΟΜΟΣ ΦΛΩΡΙΝΗΣ","2018-01-05"
"38041","46","1.544","1.753","1.308","1.023","0.852","05/01/2018","ΝΟΜΟΣ ΦΘΙΩΤΙΔΟΣ","2018-01-05"
"38040","45","1.557","1.725","1.336","0.991","0.817","05/01/2018","ΝΟΜΟΣ ΤΡΙΚΑΛΩΝ","2018-01-05"
"38039","44","1.520","1.671","0.993","0.858","0.000","05/01/2018","ΝΟΜΟΣ ΣΕΡΡΩΝ","2018-01-05"
"38038","43","1.705","1.809","0.000","0.928","0.000","05/01/2018","ΝΟΜΟΣ ΣΑΜΟΥ","2018-01-05"
"38037","42","1.533","1.685","0.990","0.842","0.000","05/01/2018","ΝΟΜΟΣ ΡΟΔΟΠΗΣ","2018-01-05"
"38036","41","1.609","1.786","1.064","0.894","0.000","05/01/2018","ΝΟΜΟΣ ΡΕΘΥΜΝΗΣ","2018-01-05"
"38035","40","1.531","1.702","1.307","0.993","0.820","05/01/2018","ΝΟΜΟΣ ΠΡΕΒΕΖΗΣ","2018-01-05"
"38034","39","1.528","1.716","1.295","0.989","0.831","05/01/2018","ΝΟΜΟΣ ΠΙΕΡΙΑΣ","2018-01-05"
"38033","38","1.533","1.683","0.989","0.810","0.000","05/01/2018","ΝΟΜΟΣ ΠΕΛΛΗΣ","2018-01-05"
"38032","37","1.507","1.717","0.984","0.764","0.000","05/01/2018","ΝΟΜΟΣ ΞΑΝΘΗΣ","2018-01-05"
"38031","36","1.562","1.745","1.307","1.034","0.879","05/01/2018","ΝΟΜΟΣ ΜΕΣΣΗΝΙΑΣ","2018-01-05"
"38030","35","1.556","1.745","1.326","1.003","0.858","05/01/2018","ΝΟΜΟΣ ΜΑΓΝΗΣΙΑΣ","2018-01-05"
"38028","33","1.608","1.819","1.362","1.126","0.956","05/01/2018","ΝΟΜΟΣ ΛΕΣΒΟΥ","2018-01-05"
"38027","32","1.606","1.774","1.349","1.040","0.895","05/01/2018","ΝΟΜΟΣ ΛΑΣΙΘΙΟΥ","2018-01-05"
"38026","31","1.533","1.721","1.299","1.007","0.822","05/01/2018","ΝΟΜΟΣ ΛΑΡΙΣΗΣ","2018-01-05"
"38025","30","1.556","1.744","1.322","1.012","0.857","05/01/2018","ΝΟΜΟΣ ΛΑΚΩΝΙΑΣ","2018-01-05"
"38024","29","1.784","1.910","1.480","1.130","0.972","05/01/2018","ΝΟΜΟΣ ΚΥΚΛΑΔΩΝ","2018-01-05"
"38023","28","1.534","1.718","1.310","0.996","0.856","05/01/2018","ΝΟΜΟΣ ΚΟΡΙΝΘΙΑΣ","2018-01-05"
"38022","27","1.542","1.703","1.322","1.007","0.803","05/01/2018","ΝΟΜΟΣ ΚΟΖΑΝΗΣ","2018-01-05"
"38021","26","1.531","1.802","1.294","0.990","0.844","05/01/2018","ΝΟΜΟΣ ΚΙΛΚΙΣ","2018-01-05"
"38020","25","1.625","1.789","1.355","1.041","0.000","05/01/2018","ΝΟΜΟΣ ΚΕΦΑΛΛΗΝΙΑΣ","2018-01-05"
"38019","24","1.576","1.774","1.342","1.061","0.959","05/01/2018","ΝΟΜΟΣ ΚΕΡΚΥΡΑΣ","2018-01-05"
"38018","23","1.581","1.768","1.348","1.040","0.875","05/01/2018","ΝΟΜΟΣ ΚΑΣΤΟΡΙΑΣ","2018-01-05"
"38017","22","1.553","1.746","1.308","1.006","0.825","05/01/2018","ΝΟΜΟΣ ΚΑΡΔΙΤΣΗΣ","2018-01-05"
"38016","21","1.556","1.763","1.323","1.014","0.833","05/01/2018","ΝΟΜΟΣ ΚΑΒΑΛΑΣ","2018-01-05"
"38015","20","1.523","1.751","1.320","0.999","0.834","05/01/2018","ΝΟΜΟΣ ΙΩΑΝΝΙΝΩΝ","2018-01-05"
"38014","19","1.514","1.712","0.996","0.835","0.000","05/01/2018","ΝΟΜΟΣ ΘΕΣΣΑΛΟΝΙΚΗΣ","2018-01-05"
"38013","18","1.566","1.756","1.331","1.054","0.854","05/01/2018","ΝΟΜΟΣ ΘΕΣΠΡΩΤΙΑΣ","2018-01-05"
"38012","17","1.588","1.754","1.008","0.918","0.000","05/01/2018","ΝΟΜΟΣ ΗΡΑΚΛΕΙΟΥ","2018-01-05"
"38011","16","1.519","1.711","1.299","0.998","0.783","05/01/2018","ΝΟΜΟΣ ΗΜΑΘΙΑΣ","2018-01-05"
"38010","15","1.546","1.713","1.306","1.002","0.820","05/01/2018","ΝΟΜΟΣ ΗΛΕΙΑΣ","2018-01-05"
"38009","14","1.571","1.745","1.323","1.020","0.969","05/01/2018","ΝΟΜΟΣ ΖΑΚΥΝΘΟΥ","2018-01-05"
"38008","13","1.636","1.865","1.393","1.076","0.899","05/01/2018","ΝΟΜΟΣ ΕΥΡΥΤΑΝΙΑΣ","2018-01-05"
"38007","12","1.543","1.729","1.314","1.004","0.826","05/01/2018","ΝΟΜΟΣ ΕΥΒΟΙΑΣ","2018-01-05"
"38006","11","1.563","1.743","1.333","1.011","0.858","05/01/2018","ΝΟΜΟΣ ΕΒΡΟΥ","2018-01-05"
"38005","10","1.665","1.842","1.405","1.086","0.958","05/01/2018","ΝΟΜΟΣ ΔΩΔΕΚΑΝΗΣΟΥ","2018-01-05"
"38004","9","1.517","1.721","0.989","0.833","0.000","05/01/2018","ΝΟΜΟΣ ΔΡΑΜΑΣ","2018-01-05"
"38003","8","1.582","1.768","1.347","1.032","0.833","05/01/2018","ΝΟΜΟΣ ΓΡΕΒΕΝΩΝ","2018-01-05"
"38002","7","1.540","1.756","1.314","1.001","0.837","05/01/2018","ΝΟΜΟΣ ΒΟΙΩΤΙΑΣ","2018-01-05"
"38001","6","1.524","1.729","1.311","1.004","0.855","05/01/2018","ΝΟΜΟΣ ΑΧΑΪΑΣ","2018-01-05"
"38000","5","1.533","1.715","1.033","0.862","0.000","05/01/2018","ΝΟΜΟΣ ΑΡΤΗΣ","2018-01-05"
"37999","4","1.561","1.746","1.334","1.008","0.846","05/01/2018","ΝΟΜΟΣ ΑΡΚΑΔΙΑΣ","2018-01-05"
"37998","3","1.532","1.700","1.297","1.004","0.852","05/01/2018","ΝΟΜΟΣ ΑΡΓΟΛΙΔΟΣ","2018-01-05"
"37997","2","1.559","1.755","1.329","1.027","0.873","05/01/2018","ΝΟΜΟΣ ΑΙΤΩΛΙΑΣ ΚΑΙ ΑΚΑΡΝΑΝΙΑΣ","2018-01-05"
"37996","1","1.513","1.719","1.289","0.991","0.802","05/01/2018","ΝΟΜΟΣ ΑΤΤΙΚΗΣ","2018-01-05"
"38029","34","1.571","1.763","1.323","1.031","0.844","05/01/2018","ΝΟΜΟΣ ΛΕΥΚΑΔΟΣ","2018-01-05"
"21676","1","1.514","1.719","1.290","0.991","0.803","06/01/2018","ΝΟΜΟΣ ΑΤΤΙΚΗΣ","2018-01-06"
"21677","2","1.560","1.757","1.330","1.029","0.872","06/01/2018","ΝΟΜΟΣ ΑΙΤΩΛΙΑΣ ΚΑΙ ΑΚΑΡΝΑΝΙΑΣ","2018-01-06"
"21678","3","1.532","1.702","1.295","1.005","0.852","06/01/2018","ΝΟΜΟΣ ΑΡΓΟΛΙΔΟΣ","2018-01-06"
"21679","4","1.562","1.751","1.334","1.010","0.851","06/01/2018","ΝΟΜΟΣ ΑΡΚΑΔΙΑΣ","2018-01-06"
"21680","5","1.533","1.715","1.032","0.862","0.000","06/01/2018","ΝΟΜΟΣ ΑΡΤΗΣ","2018-01-06"
"21681","6","1.524","1.728","1.311","1.005","0.855","06/01/2018","ΝΟΜΟΣ ΑΧΑΪΑΣ","2018-01-06"
"21682","7","1.541","1.754","1.315","1.001","0.837","06/01/2018","ΝΟΜΟΣ ΒΟΙΩΤΙΑΣ","2018-01-06"
"21683","8","1.582","1.768","1.348","1.033","0.833","06/01/2018","ΝΟΜΟΣ ΓΡΕΒΕΝΩΝ","2018-01-06"
"21684","9","1.519","1.719","0.989","0.833","0.000","06/01/2018","ΝΟΜΟΣ ΔΡΑΜΑΣ","2018-01-06"
"21685","10","1.665","1.839","1.405","1.091","0.958","06/01/2018","ΝΟΜΟΣ ΔΩΔΕΚΑΝΗΣΟΥ","2018-01-06"
"21686","11","1.563","1.743","1.333","1.012","0.858","06/01/2018","ΝΟΜΟΣ ΕΒΡΟΥ","2018-01-06"
"21687","12","1.544","1.732","1.315","1.005","0.826","06/01/2018","ΝΟΜΟΣ ΕΥΒΟΙΑΣ","2018-01-06"
"21688","13","1.636","1.865","1.393","1.076","0.899","06/01/2018","ΝΟΜΟΣ ΕΥΡΥΤΑΝΙΑΣ","2018-01-06"
"21689","14","1.571","1.745","1.323","1.020","0.969","06/01/2018","ΝΟΜΟΣ ΖΑΚΥΝΘΟΥ","2018-01-06"
"21690","15","1.546","1.713","1.307","1.001","0.820","06/01/2018","ΝΟΜΟΣ ΗΛΕΙΑΣ","2018-01-06"
"21691","16","1.520","1.713","1.300","0.998","0.783","06/01/2018","ΝΟΜΟΣ ΗΜΑΘΙΑΣ","2018-01-06"
"21692","17","1.588","1.752","1.008","0.918","0.000","06/01/2018","ΝΟΜΟΣ ΗΡΑΚΛΕΙΟΥ","2018-01-06"
"21693","18","1.568","1.760","1.335","1.056","0.852","06/01/2018","ΝΟΜΟΣ ΘΕΣΠΡΩΤΙΑΣ","2018-01-06"
"21694","19","1.514","1.713","0.996","0.835","0.000","06/01/2018","ΝΟΜΟΣ ΘΕΣΣΑΛΟΝΙΚΗΣ","2018-01-06"
"21695","20","1.524","1.751","1.320","0.999","0.834","06/01/2018","ΝΟΜΟΣ ΙΩΑΝΝΙΝΩΝ","2018-01-06"
"21696","21","1.559","1.763","1.325","1.015","0.836","06/01/2018","ΝΟΜΟΣ ΚΑΒΑΛΑΣ","2018-01-06"
"21697","22","1.553","1.749","1.308","1.006","0.825","06/01/2018","ΝΟΜΟΣ ΚΑΡΔΙΤΣΗΣ","2018-01-06"
"21698","23","1.581","1.768","1.348","1.040","0.875","06/01/2018","ΝΟΜΟΣ ΚΑΣΤΟΡΙΑΣ","2018-01-06"
"21699","24","1.576","1.774","1.342","1.061","0.959","06/01/2018","ΝΟΜΟΣ ΚΕΡΚΥΡΑΣ","2018-01-06"
"21700","25","1.625","1.789","1.353","1.041","0.000","06/01/2018","ΝΟΜΟΣ ΚΕΦΑΛΛΗΝΙΑΣ","2018-01-06"
"21701","26","1.530","1.807","1.291","0.990","0.844","06/01/2018","ΝΟΜΟΣ ΚΙΛΚΙΣ","2018-01-06"
"21702","27","1.543","1.704","1.323","1.007","0.803","06/01/2018","ΝΟΜΟΣ ΚΟΖΑΝΗΣ","2018-01-06"
"21703","28","1.534","1.718","1.311","0.996","0.856","06/01/2018","ΝΟΜΟΣ ΚΟΡΙΝΘΙΑΣ","2018-01-06"
"21704","29","1.783","1.910","1.480","1.134","0.972","06/01/2018","ΝΟΜΟΣ ΚΥΚΛΑΔΩΝ","2018-01-06"
"21705","30","1.556","1.744","1.323","1.012","0.857","06/01/2018","ΝΟΜΟΣ ΛΑΚΩΝΙΑΣ","2018-01-06"
"21706","31","1.532","1.721","1.298","1.007","0.822","06/01/2018","ΝΟΜΟΣ ΛΑΡΙΣΗΣ","2018-01-06"
"21707","32","1.606","1.774","1.349","1.040","0.893","06/01/2018","ΝΟΜΟΣ ΛΑΣΙΘΙΟΥ","2018-01-06"
"21708","33","1.608","1.816","1.362","1.126","0.956","06/01/2018","ΝΟΜΟΣ ΛΕΣΒΟΥ","2018-01-06"
"21709","34","1.569","1.763","1.320","1.038","0.844","06/01/2018","ΝΟΜΟΣ ΛΕΥΚΑΔΟΣ","2018-01-06"
"21710","35","1.556","1.745","1.326","1.004","0.858","06/01/2018","ΝΟΜΟΣ ΜΑΓΝΗΣΙΑΣ","2018-01-06"
"21711","36","1.562","1.744","1.309","1.033","0.879","06/01/2018","ΝΟΜΟΣ ΜΕΣΣΗΝΙΑΣ","2018-01-06"
"21712","37","1.507","1.713","0.984","0.764","0.000","06/01/2018","ΝΟΜΟΣ ΞΑΝΘΗΣ","2018-01-06"
"21713","38","1.533","1.683","0.989","0.810","0.000","06/01/2018","ΝΟΜΟΣ ΠΕΛΛΗΣ","2018-01-06"
"21714","39","1.534","1.720","1.297","0.989","0.829","06/01/2018","ΝΟΜΟΣ ΠΙΕΡΙΑΣ","2018-01-06"
"21715","40","1.531","1.702","1.307","0.993","0.820","06/01/2018","ΝΟΜΟΣ ΠΡΕΒΕΖΗΣ","2018-01-06"
"21716","41","1.609","1.786","1.062","0.894","0.000","06/01/2018","ΝΟΜΟΣ ΡΕΘΥΜΝΗΣ","2018-01-06"
"21717","42","1.534","1.691","0.992","0.843","0.000","06/01/2018","ΝΟΜΟΣ ΡΟΔΟΠΗΣ","2018-01-06"
"21718","43","1.705","1.809","0.000","0.928","0.000","06/01/2018","ΝΟΜΟΣ ΣΑΜΟΥ","2018-01-06"
"21719","44","1.520","1.668","0.993","0.853","0.000","06/01/2018","ΝΟΜΟΣ ΣΕΡΡΩΝ","2018-01-06"
"21720","45","1.557","1.722","1.335","0.990","0.817","06/01/2018","ΝΟΜΟΣ ΤΡΙΚΑΛΩΝ","2018-01-06"
"21721","46","1.544","1.753","1.309","1.024","0.852","06/01/2018","ΝΟΜΟΣ ΦΘΙΩΤΙΔΟΣ","2018-01-06"
"21722","47","1.535","1.730","1.328","1.011","0.841","06/01/2018","ΝΟΜΟΣ ΦΛΩΡΙΝΗΣ","2018-01-06"
"21723","48","1.587","1.779","1.360","1.062","0.892","06/01/2018","ΝΟΜΟΣ ΦΩΚΙΔΟΣ","2018-01-06"
"21724","49","1.567","1.708","1.012","0.845","0.000","06/01/2018","ΝΟΜΟΣ ΧΑΛΚΙΔΙΚΗΣ","2018-01-06"
"21725","50","1.583","1.786","1.354","1.026","0.900","06/01/2018","ΝΟΜΟΣ ΧΑΝΙΩΝ","2018-01-06"
"21726","51","1.589","1.790","1.331","1.005","0.985","06/01/2018","ΝΟΜΟΣ ΧΙΟΥ","2018-01-06"
"38658","51","1.589","1.789","1.330","1.005","0.985","07/01/2018","ΝΟΜΟΣ ΧΙΟΥ","2018-01-07"
"38657","50","1.583","1.786","1.354","1.026","0.900","07/01/2018","ΝΟΜΟΣ ΧΑΝΙΩΝ","2018-01-07"
"38656","49","1.567","1.712","1.012","0.845","0.000","07/01/2018","ΝΟΜΟΣ ΧΑΛΚΙΔΙΚΗΣ","2018-01-07"
"38655","48","1.587","1.779","1.360","1.062","0.892","07/01/2018","ΝΟΜΟΣ ΦΩΚΙΔΟΣ","2018-01-07"
"38654","47","1.536","1.738","1.330","1.011","0.846","07/01/2018","ΝΟΜΟΣ ΦΛΩΡΙΝΗΣ","2018-01-07"
"38653","46","1.545","1.755","1.309","1.024","0.853","07/01/2018","ΝΟΜΟΣ ΦΘΙΩΤΙΔΟΣ","2018-01-07"
"38652","45","1.554","1.721","1.334","0.992","0.817","07/01/2018","ΝΟΜΟΣ ΤΡΙΚΑΛΩΝ","2018-01-07"
"38651","44","1.520","1.674","0.993","0.853","0.000","07/01/2018","ΝΟΜΟΣ ΣΕΡΡΩΝ","2018-01-07"
"38650","43","1.701","1.811","0.000","0.928","0.000","07/01/2018","ΝΟΜΟΣ ΣΑΜΟΥ","2018-01-07"
"38649","42","1.534","1.697","0.992","0.843","0.000","07/01/2018","ΝΟΜΟΣ ΡΟΔΟΠΗΣ","2018-01-07"
"38648","41","1.609","1.786","1.062","0.894","0.000","07/01/2018","ΝΟΜΟΣ ΡΕΘΥΜΝΗΣ","2018-01-07"
"38647","40","1.530","1.704","1.308","0.996","0.820","07/01/2018","ΝΟΜΟΣ ΠΡΕΒΕΖΗΣ","2018-01-07"
"38646","39","1.534","1.727","1.298","0.989","0.829","07/01/2018","ΝΟΜΟΣ ΠΙΕΡΙΑΣ","2018-01-07"
"38645","38","1.533","1.683","0.989","0.810","0.000","07/01/2018","ΝΟΜΟΣ ΠΕΛΛΗΣ","2018-01-07"
"38644","37","1.508","1.715","0.984","0.765","0.000","07/01/2018","ΝΟΜΟΣ ΞΑΝΘΗΣ","2018-01-07"
"38643","36","1.562","1.744","1.308","1.033","0.879","07/01/2018","ΝΟΜΟΣ ΜΕΣΣΗΝΙΑΣ","2018-01-07"
"38642","35","1.555","1.745","1.324","0.999","0.858","07/01/2018","ΝΟΜΟΣ ΜΑΓΝΗΣΙΑΣ","2018-01-07"
"38641","34","1.567","1.759","1.314","1.039","0.844","07/01/2018","ΝΟΜΟΣ ΛΕΥΚΑΔΟΣ","2018-01-07"
"38640","33","1.608","1.816","1.362","1.126","0.956","07/01/2018","ΝΟΜΟΣ ΛΕΣΒΟΥ","2018-01-07"
"38639","32","1.609","1.779","1.350","1.040","0.893","07/01/2018","ΝΟΜΟΣ ΛΑΣΙΘΙΟΥ","2018-01-07"
"38638","31","1.532","1.720","1.298","1.007","0.821","07/01/2018","ΝΟΜΟΣ ΛΑΡΙΣΗΣ","2018-01-07"
"38637","30","1.556","1.744","1.323","1.012","0.857","07/01/2018","ΝΟΜΟΣ ΛΑΚΩΝΙΑΣ","2018-01-07"
"38636","29","1.784","1.914","1.481","1.134","0.950","07/01/2018","ΝΟΜΟΣ ΚΥΚΛΑΔΩΝ","2018-01-07"
"38635","28","1.533","1.718","1.310","0.996","0.856","07/01/2018","ΝΟΜΟΣ ΚΟΡΙΝΘΙΑΣ","2018-01-07"
"38634","27","1.542","1.704","1.323","1.007","0.803","07/01/2018","ΝΟΜΟΣ ΚΟΖΑΝΗΣ","2018-01-07"
"38633","26","1.531","1.817","1.292","0.994","0.844","07/01/2018","ΝΟΜΟΣ ΚΙΛΚΙΣ","2018-01-07"
"38632","25","1.625","1.789","1.351","1.028","0.000","07/01/2018","ΝΟΜΟΣ ΚΕΦΑΛΛΗΝΙΑΣ","2018-01-07"
"38631","24","1.577","1.770","1.342","1.061","0.959","07/01/2018","ΝΟΜΟΣ ΚΕΡΚΥΡΑΣ","2018-01-07"
"38630","23","1.581","1.768","1.350","1.040","0.875","07/01/2018","ΝΟΜΟΣ ΚΑΣΤΟΡΙΑΣ","2018-01-07"
"38629","22","1.552","1.758","1.308","1.006","0.825","07/01/2018","ΝΟΜΟΣ ΚΑΡΔΙΤΣΗΣ","2018-01-07"
"38628","21","1.559","1.763","1.325","1.015","0.836","07/01/2018","ΝΟΜΟΣ ΚΑΒΑΛΑΣ","2018-01-07"
"38627","20","1.525","1.748","1.321","1.000","0.834","07/01/2018","ΝΟΜΟΣ ΙΩΑΝΝΙΝΩΝ","2018-01-07"
"38626","19","1.514","1.713","0.996","0.835","0.000","07/01/2018","ΝΟΜΟΣ ΘΕΣΣΑΛΟΝΙΚΗΣ","2018-01-07"
"38625","18","1.569","1.761","1.338","1.056","0.852","07/01/2018","ΝΟΜΟΣ ΘΕΣΠΡΩΤΙΑΣ","2018-01-07"
"38624","17","1.589","1.752","1.008","0.919","0.000","07/01/2018","ΝΟΜΟΣ ΗΡΑΚΛΕΙΟΥ","2018-01-07"
"38623","16","1.520","1.703","1.301","0.998","0.783","07/01/2018","ΝΟΜΟΣ ΗΜΑΘΙΑΣ","2018-01-07"
"38622","15","1.546","1.713","1.306","1.001","0.821","07/01/2018","ΝΟΜΟΣ ΗΛΕΙΑΣ","2018-01-07"
"38621","14","1.571","1.745","1.323","1.020","0.969","07/01/2018","ΝΟΜΟΣ ΖΑΚΥΝΘΟΥ","2018-01-07"
"38620","13","1.636","1.865","1.393","1.076","0.899","07/01/2018","ΝΟΜΟΣ ΕΥΡΥΤΑΝΙΑΣ","2018-01-07"
"38619","12","1.544","1.732","1.315","1.006","0.826","07/01/2018","ΝΟΜΟΣ ΕΥΒΟΙΑΣ","2018-01-07"
"38618","11","1.563","1.747","1.334","1.013","0.858","07/01/2018","ΝΟΜΟΣ ΕΒΡΟΥ","2018-01-07"
"38617","10","1.664","1.844","1.405","1.093","0.958","07/01/2018","ΝΟΜΟΣ ΔΩΔΕΚΑΝΗΣΟΥ","2018-01-07"
"38616","9","1.519","1.719","0.989","0.833","0.000","07/01/2018","ΝΟΜΟΣ ΔΡΑΜΑΣ","2018-01-07"
"38615","8","1.582","1.768","1.348","1.033","0.833","07/01/2018","ΝΟΜΟΣ ΓΡΕΒΕΝΩΝ","2018-01-07"
"38614","7","1.540","1.759","1.314","1.002","0.837","07/01/2018","ΝΟΜΟΣ ΒΟΙΩΤΙΑΣ","2018-01-07"
"38613","6","1.524","1.732","1.312","1.005","0.855","07/01/2018","ΝΟΜΟΣ ΑΧΑΪΑΣ","2018-01-07"
"38612","5","1.534","1.720","1.032","0.862","0.000","07/01/2018","ΝΟΜΟΣ ΑΡΤΗΣ","2018-01-07"
"38611","4","1.562","1.751","1.334","1.011","0.851","07/01/2018","ΝΟΜΟΣ ΑΡΚΑΔΙΑΣ","2018-01-07"
"38610","3","1.533","1.706","1.296","1.009","0.852","07/01/2018","ΝΟΜΟΣ ΑΡΓΟΛΙΔΟΣ","2018-01-07"
"38609","2","1.560","1.756","1.330","1.030","0.870","07/01/2018","ΝΟΜΟΣ ΑΙΤΩΛΙΑΣ ΚΑΙ ΑΚΑΡΝΑΝΙΑΣ","2018-01-07"
"38608","1","1.514","1.721","1.290","0.992","0.802","07/01/2018","ΝΟΜΟΣ ΑΤΤΙΚΗΣ","2018-01-07"
"41617","1","1.514","1.729","1.292","0.994","0.802","08/01/2018","ΝΟΜΟΣ ΑΤΤΙΚΗΣ","2018-01-08"
"41618","2","1.561","1.759","1.330","1.030","0.870","08/01/2018","ΝΟΜΟΣ ΑΙΤΩΛΙΑΣ ΚΑΙ ΑΚΑΡΝΑΝΙΑΣ","2018-01-08"
"41619","3","1.535","1.709","1.297","1.012","0.871","08/01/2018","ΝΟΜΟΣ ΑΡΓΟΛΙΔΟΣ","2018-01-08"
"41620","4","1.562","1.755","1.334","1.014","0.851","08/01/2018","ΝΟΜΟΣ ΑΡΚΑΔΙΑΣ","2018-01-08"
"41621","5","1.534","1.720","1.032","0.862","0.000","08/01/2018","ΝΟΜΟΣ ΑΡΤΗΣ","2018-01-08"
"41622","6","1.524","1.738","1.312","1.006","0.855","08/01/2018","ΝΟΜΟΣ ΑΧΑΪΑΣ","2018-01-08"
"41623","7","1.540","1.764","1.313","1.001","0.834","08/01/2018","ΝΟΜΟΣ ΒΟΙΩΤΙΑΣ","2018-01-08"
"41624","8","1.582","1.768","1.348","1.033","0.833","08/01/2018","ΝΟΜΟΣ ΓΡΕΒΕΝΩΝ","2018-01-08"
"41625","9","1.520","1.719","0.990","0.830","0.000","08/01/2018","ΝΟΜΟΣ ΔΡΑΜΑΣ","2018-01-08"
"41626","10","1.669","1.847","1.407","1.093","0.958","08/01/2018","ΝΟΜΟΣ ΔΩΔΕΚΑΝΗΣΟΥ","2018-01-08"
"41627","11","1.563","1.749","1.334","1.016","0.858","08/01/2018","ΝΟΜΟΣ ΕΒΡΟΥ","2018-01-08"
"41628","12","1.548","1.735","1.318","1.005","0.826","08/01/2018","ΝΟΜΟΣ ΕΥΒΟΙΑΣ","2018-01-08"
"41629","13","1.636","1.869","1.393","1.076","0.899","08/01/2018","ΝΟΜΟΣ ΕΥΡΥΤΑΝΙΑΣ","2018-01-08"
"41630","14","1.575","1.756","1.327","1.020","0.969","08/01/2018","ΝΟΜΟΣ ΖΑΚΥΝΘΟΥ","2018-01-08"
"41631","15","1.547","1.715","1.307","1.001","0.821","08/01/2018","ΝΟΜΟΣ ΗΛΕΙΑΣ","2018-01-08"
"41632","16","1.520","1.712","1.300","1.000","0.783","08/01/2018","ΝΟΜΟΣ ΗΜΑΘΙΑΣ","2018-01-08"
"41633","17","1.589","1.765","1.009","0.919","0.000","08/01/2018","ΝΟΜΟΣ ΗΡΑΚΛΕΙΟΥ","2018-01-08"
"41634","18","1.571","1.760","1.340","1.056","0.851","08/01/2018","ΝΟΜΟΣ ΘΕΣΠΡΩΤΙΑΣ","2018-01-08"
"41635","19","1.514","1.720","0.997","0.835","0.000","08/01/2018","ΝΟΜΟΣ ΘΕΣΣΑΛΟΝΙΚΗΣ","2018-01-08"
"41636","20","1.526","1.759","1.322","1.001","0.834","08/01/2018","ΝΟΜΟΣ ΙΩΑΝΝΙΝΩΝ","2018-01-08"
"41637","21","1.558","1.766","1.326","1.016","0.836","08/01/2018","ΝΟΜΟΣ ΚΑΒΑΛΑΣ","2018-01-08"
"41638","22","1.553","1.758","1.308","1.008","0.825","08/01/2018","ΝΟΜΟΣ ΚΑΡΔΙΤΣΗΣ","2018-01-08"
"41639","23","1.587","1.768","1.351","1.040","0.875","08/01/2018","ΝΟΜΟΣ ΚΑΣΤΟΡΙΑΣ","2018-01-08"
"41640","24","1.577","1.773","1.343","1.069","0.959","08/01/2018","ΝΟΜΟΣ ΚΕΡΚΥΡΑΣ","2018-01-08"
"41641","25","1.626","1.797","1.357","1.028","0.000","08/01/2018","ΝΟΜΟΣ ΚΕΦΑΛΛΗΝΙΑΣ","2018-01-08"
"41642","26","1.529","1.817","1.292","0.996","0.844","08/01/2018","ΝΟΜΟΣ ΚΙΛΚΙΣ","2018-01-08"
"41643","27","1.544","1.700","1.325","1.009","0.801","08/01/2018","ΝΟΜΟΣ ΚΟΖΑΝΗΣ","2018-01-08"
"41644","28","1.533","1.730","1.310","0.997","0.853","08/01/2018","ΝΟΜΟΣ ΚΟΡΙΝΘΙΑΣ","2018-01-08"
"41645","29","1.786","1.922","1.483","1.134","0.950","08/01/2018","ΝΟΜΟΣ ΚΥΚΛΑΔΩΝ","2018-01-08"
"41646","30","1.557","1.754","1.325","1.016","0.857","08/01/2018","ΝΟΜΟΣ ΛΑΚΩΝΙΑΣ","2018-01-08"
"41647","31","1.531","1.728","1.301","1.010","0.822","08/01/2018","ΝΟΜΟΣ ΛΑΡΙΣΗΣ","2018-01-08"
"41648","32","1.609","1.802","1.352","1.040","0.905","08/01/2018","ΝΟΜΟΣ ΛΑΣΙΘΙΟΥ","2018-01-08"
"41649","33","1.611","1.819","1.368","1.139","0.956","08/01/2018","ΝΟΜΟΣ ΛΕΣΒΟΥ","2018-01-08"
"41650","34","1.570","1.766","1.316","1.039","0.844","08/01/2018","ΝΟΜΟΣ ΛΕΥΚΑΔΟΣ","2018-01-08"
"41651","35","1.569","1.753","1.335","1.009","0.850","08/01/2018","ΝΟΜΟΣ ΜΑΓΝΗΣΙΑΣ","2018-01-08"
"41652","36","1.562","1.749","1.310","1.038","0.879","08/01/2018","ΝΟΜΟΣ ΜΕΣΣΗΝΙΑΣ","2018-01-08"
"41653","37","1.508","1.715","0.988","0.765","0.000","08/01/2018","ΝΟΜΟΣ ΞΑΝΘΗΣ","2018-01-08"
"41654","38","1.535","1.683","0.990","0.810","0.000","08/01/2018","ΝΟΜΟΣ ΠΕΛΛΗΣ","2018-01-08"
"41655","39","1.537","1.730","1.299","0.992","0.827","08/01/2018","ΝΟΜΟΣ ΠΙΕΡΙΑΣ","2018-01-08"
"41656","40","1.535","1.703","1.308","0.996","0.822","08/01/2018","ΝΟΜΟΣ ΠΡΕΒΕΖΗΣ","2018-01-08"
"41657","41","1.605","1.792","1.063","0.894","0.000","08/01/2018","ΝΟΜΟΣ ΡΕΘΥΜΝΗΣ","2018-01-08"
"41658","42","1.534","1.702","0.992","0.843","0.000","08/01/2018","ΝΟΜΟΣ ΡΟΔΟΠΗΣ","2018-01-08"
"41659","43","1.706","1.831","0.000","0.928","0.000","08/01/2018","ΝΟΜΟΣ ΣΑΜΟΥ","2018-01-08"
"41660","44","1.522","1.685","0.993","0.853","0.000","08/01/2018","ΝΟΜΟΣ ΣΕΡΡΩΝ","2018-01-08"
"41661","45","1.554","1.717","1.335","0.993","0.817","08/01/2018","ΝΟΜΟΣ ΤΡΙΚΑΛΩΝ","2018-01-08"
"41662","46","1.545","1.763","1.310","1.025","0.852","08/01/2018","ΝΟΜΟΣ ΦΘΙΩΤΙΔΟΣ","2018-01-08"
"41663","47","1.536","1.746","1.330","1.013","0.846","08/01/2018","ΝΟΜΟΣ ΦΛΩΡΙΝΗΣ","2018-01-08"
"41664","48","1.585","1.783","1.359","1.063","0.892","08/01/2018","ΝΟΜΟΣ ΦΩΚΙΔΟΣ","2018-01-08"
"41665","49","1.563","1.714","1.011","0.845","0.000","08/01/2018","ΝΟΜΟΣ ΧΑΛΚΙΔΙΚΗΣ","2018-01-08"
"41666","50","1.582","1.802","1.355","1.027","0.903","08/01/2018","ΝΟΜΟΣ ΧΑΝΙΩΝ","2018-01-08"
"41667","51","1.589","1.797","1.332","1.008","0.985","08/01/2018","ΝΟΜΟΣ ΧΙΟΥ","2018-01-08"
"4641","51","1.589","1.798","1.332","1.009","0.985","09/01/2018","ΝΟΜΟΣ ΧΙΟΥ","2018-01-09"
"4640","50","1.585","1.800","1.356","1.029","0.902","09/01/2018","ΝΟΜΟΣ ΧΑΝΙΩΝ","2018-01-09"
"4639","49","1.565","1.714","1.011","0.845","0.000","09/01/2018","ΝΟΜΟΣ ΧΑΛΚΙΔΙΚΗΣ","2018-01-09"
"4638","48","1.585","1.783","1.361","1.067","0.892","09/01/2018","ΝΟΜΟΣ ΦΩΚΙΔΟΣ","2018-01-09"
"4637","47","1.535","1.746","1.330","1.013","0.846","09/01/2018","ΝΟΜΟΣ ΦΛΩΡΙΝΗΣ","2018-01-09"
"4636","46","1.546","1.764","1.313","1.026","0.853","09/01/2018","ΝΟΜΟΣ ΦΘΙΩΤΙΔΟΣ","2018-01-09"
"4635","45","1.556","1.717","1.337","0.993","0.817","09/01/2018","ΝΟΜΟΣ ΤΡΙΚΑΛΩΝ","2018-01-09"
"4634","44","1.523","1.687","0.995","0.853","0.000","09/01/2018","ΝΟΜΟΣ ΣΕΡΡΩΝ","2018-01-09"
"4633","43","1.696","1.821","0.000","0.928","0.000","09/01/2018","ΝΟΜΟΣ ΣΑΜΟΥ","2018-01-09"
"4632","42","1.534","1.702","0.992","0.843","0.000","09/01/2018","ΝΟΜΟΣ ΡΟΔΟΠΗΣ","2018-01-09"
"4631","41","1.604","1.792","1.063","0.894","0.000","09/01/2018","ΝΟΜΟΣ ΡΕΘΥΜΝΗΣ","2018-01-09"
"4630","40","1.535","1.710","1.310","0.997","0.823","09/01/2018","ΝΟΜΟΣ ΠΡΕΒΕΖΗΣ","2018-01-09"
"4629","39","1.537","1.732","1.301","0.992","0.830","09/01/2018","ΝΟΜΟΣ ΠΙΕΡΙΑΣ","2018-01-09"
"4628","38","1.534","1.683","0.991","0.814","0.000","09/01/2018","ΝΟΜΟΣ ΠΕΛΛΗΣ","2018-01-09"
"4627","37","1.509","1.716","0.989","0.765","0.000","09/01/2018","ΝΟΜΟΣ ΞΑΝΘΗΣ","2018-01-09"
"4626","36","1.562","1.749","1.310","1.038","0.879","09/01/2018","ΝΟΜΟΣ ΜΕΣΣΗΝΙΑΣ","2018-01-09"
"4625","35","1.574","1.750","1.338","1.018","0.851","09/01/2018","ΝΟΜΟΣ ΜΑΓΝΗΣΙΑΣ","2018-01-09"
"4624","34","1.571","1.769","1.319","1.042","0.844","09/01/2018","ΝΟΜΟΣ ΛΕΥΚΑΔΟΣ","2018-01-09"
"4623","33","1.612","1.822","1.369","1.127","0.956","09/01/2018","ΝΟΜΟΣ ΛΕΣΒΟΥ","2018-01-09"
"4622","32","1.611","1.807","1.355","1.040","0.916","09/01/2018","ΝΟΜΟΣ ΛΑΣΙΘΙΟΥ","2018-01-09"
"4621","31","1.534","1.728","1.302","1.010","0.823","09/01/2018","ΝΟΜΟΣ ΛΑΡΙΣΗΣ","2018-01-09"
"4620","30","1.557","1.754","1.326","1.018","0.861","09/01/2018","ΝΟΜΟΣ ΛΑΚΩΝΙΑΣ","2018-01-09"
"4619","29","1.789","1.927","1.486","1.134","0.950","09/01/2018","ΝΟΜΟΣ ΚΥΚΛΑΔΩΝ","2018-01-09"
"4618","28","1.532","1.722","1.310","0.998","0.852","09/01/2018","ΝΟΜΟΣ ΚΟΡΙΝΘΙΑΣ","2018-01-09"
"4617","27","1.544","1.700","1.324","1.009","0.803","09/01/2018","ΝΟΜΟΣ ΚΟΖΑΝΗΣ","2018-01-09"
"4616","26","1.532","1.817","1.295","0.996","0.844","09/01/2018","ΝΟΜΟΣ ΚΙΛΚΙΣ","2018-01-09"
"4615","25","1.624","1.788","1.356","1.033","0.000","09/01/2018","ΝΟΜΟΣ ΚΕΦΑΛΛΗΝΙΑΣ","2018-01-09"
"4614","24","1.577","1.778","1.344","1.069","0.959","09/01/2018","ΝΟΜΟΣ ΚΕΡΚΥΡΑΣ","2018-01-09"
"4613","23","1.587","1.768","1.351","1.040","0.875","09/01/2018","ΝΟΜΟΣ ΚΑΣΤΟΡΙΑΣ","2018-01-09"
"4612","22","1.553","1.759","1.308","1.010","0.825","09/01/2018","ΝΟΜΟΣ ΚΑΡΔΙΤΣΗΣ","2018-01-09"
"4611","21","1.559","1.771","1.326","1.017","0.837","09/01/2018","ΝΟΜΟΣ ΚΑΒΑΛΑΣ","2018-01-09"
"4610","20","1.530","1.751","1.323","1.005","0.834","09/01/2018","ΝΟΜΟΣ ΙΩΑΝΝΙΝΩΝ","2018-01-09"
"4609","19","1.514","1.723","0.998","0.834","0.000","09/01/2018","ΝΟΜΟΣ ΘΕΣΣΑΛΟΝΙΚΗΣ","2018-01-09"
"4608","18","1.572","1.763","1.342","1.055","0.851","09/01/2018","ΝΟΜΟΣ ΘΕΣΠΡΩΤΙΑΣ","2018-01-09"
"4607","17","1.590","1.767","1.009","0.919","0.000","09/01/2018","ΝΟΜΟΣ ΗΡΑΚΛΕΙΟΥ","2018-01-09"
"4606","16","1.519","1.712","1.300","1.001","0.784","09/01/2018","ΝΟΜΟΣ ΗΜΑΘΙΑΣ","2018-01-09"
"4605","15","1.548","1.715","1.308","1.002","0.823","09/01/2018","ΝΟΜΟΣ ΗΛΕΙΑΣ","2018-01-09"
"4604","14","1.576","1.756","1.328","1.030","0.969","09/01/2018","ΝΟΜΟΣ ΖΑΚΥΝΘΟΥ","2018-01-09"
"4603","13","1.637","1.869","1.393","1.076","0.899","09/01/2018","ΝΟΜΟΣ ΕΥΡΥΤΑΝΙΑΣ","2018-01-09"
"4602","12","1.547","1.733","1.317","1.007","0.828","09/01/2018","ΝΟΜΟΣ ΕΥΒΟΙΑΣ","2018-01-09"
"4601","11","1.563","1.751","1.335","1.017","0.858","09/01/2018","ΝΟΜΟΣ ΕΒΡΟΥ","2018-01-09"
"4600","10","1.669","1.847","1.407","1.093","0.958","09/01/2018","ΝΟΜΟΣ ΔΩΔΕΚΑΝΗΣΟΥ","2018-01-09"
"4599","9","1.523","1.719","0.991","0.829","0.000","09/01/2018","ΝΟΜΟΣ ΔΡΑΜΑΣ","2018-01-09"
"4598","8","1.583","1.766","1.348","1.037","0.833","09/01/2018","ΝΟΜΟΣ ΓΡΕΒΕΝΩΝ","2018-01-09"
"4597","7","1.541","1.763","1.313","1.004","0.834","09/01/2018","ΝΟΜΟΣ ΒΟΙΩΤΙΑΣ","2018-01-09"
"4596","6","1.522","1.737","1.312","1.007","0.855","09/01/2018","ΝΟΜΟΣ ΑΧΑΪΑΣ","2018-01-09"
"4595","5","1.534","1.722","1.032","0.862","0.000","09/01/2018","ΝΟΜΟΣ ΑΡΤΗΣ","2018-01-09"
"4594","4","1.562","1.752","1.335","1.018","0.852","09/01/2018","ΝΟΜΟΣ ΑΡΚΑΔΙΑΣ","2018-01-09"
"4593","3","1.535","1.708","1.299","1.014","0.871","09/01/2018","ΝΟΜΟΣ ΑΡΓΟΛΙΔΟΣ","2018-01-09"
"4592","2","1.561","1.765","1.332","1.033","0.870","09/01/2018","ΝΟΜΟΣ ΑΙΤΩΛΙΑΣ ΚΑΙ ΑΚΑΡΝΑΝΙΑΣ","2018-01-09"
"4591","1","1.514","1.729","1.293","0.995","0.802","09/01/2018","ΝΟΜΟΣ ΑΤΤΙΚΗΣ","2018-01-09"
"26215","1","1.514","1.728","1.294","0.996","0.801","10/01/2018","ΝΟΜΟΣ ΑΤΤΙΚΗΣ","2018-01-10"
"26216","2","1.561","1.766","1.332","1.033","0.870","10/01/2018","ΝΟΜΟΣ ΑΙΤΩΛΙΑΣ ΚΑΙ ΑΚΑΡΝΑΝΙΑΣ","2018-01-10"
"26217","3","1.535","1.708","1.300","1.014","0.871","10/01/2018","ΝΟΜΟΣ ΑΡΓΟΛΙΔΟΣ","2018-01-10"
"26218","4","1.562","1.752","1.334","1.019","0.852","10/01/2018","ΝΟΜΟΣ ΑΡΚΑΔΙΑΣ","2018-01-10"
"26219","5","1.535","1.722","1.325","1.034","0.862","10/01/2018","ΝΟΜΟΣ ΑΡΤΗΣ","2018-01-10"
"26220","6","1.523","1.733","1.313","1.008","0.855","10/01/2018","ΝΟΜΟΣ ΑΧΑΪΑΣ","2018-01-10"
"26221","7","1.540","1.763","1.314","1.005","0.834","10/01/2018","ΝΟΜΟΣ ΒΟΙΩΤΙΑΣ","2018-01-10"
"26222","8","1.584","1.766","1.350","1.037","0.833","10/01/2018","ΝΟΜΟΣ ΓΡΕΒΕΝΩΝ","2018-01-10"
"26223","9","1.523","1.721","1.290","0.992","0.829","10/01/2018","ΝΟΜΟΣ ΔΡΑΜΑΣ","2018-01-10"
"26224","10","1.670","1.849","1.408","1.091","0.958","10/01/2018","ΝΟΜΟΣ ΔΩΔΕΚΑΝΗΣΟΥ","2018-01-10"
"26225","11","1.564","1.751","1.334","1.019","0.859","10/01/2018","ΝΟΜΟΣ ΕΒΡΟΥ","2018-01-10"
"26226","12","1.548","1.734","1.318","1.009","0.828","10/01/2018","ΝΟΜΟΣ ΕΥΒΟΙΑΣ","2018-01-10"
"26227","13","1.637","1.869","1.393","1.077","0.899","10/01/2018","ΝΟΜΟΣ ΕΥΡΥΤΑΝΙΑΣ","2018-01-10"
"26228","14","1.574","1.743","1.327","1.036","0.969","10/01/2018","ΝΟΜΟΣ ΖΑΚΥΝΘΟΥ","2018-01-10"
"26229","15","1.548","1.717","1.310","1.003","0.823","10/01/2018","ΝΟΜΟΣ ΗΛΕΙΑΣ","2018-01-10"
"26230","16","1.518","1.712","1.299","1.001","0.784","10/01/2018","ΝΟΜΟΣ ΗΜΑΘΙΑΣ","2018-01-10"
"26231","17","1.590","1.768","1.356","1.015","0.919","10/01/2018","ΝΟΜΟΣ ΗΡΑΚΛΕΙΟΥ","2018-01-10"
"26232","18","1.572","1.763","1.342","1.055","0.849","10/01/2018","ΝΟΜΟΣ ΘΕΣΠΡΩΤΙΑΣ","2018-01-10"
"26233","19","1.515","1.721","1.292","1.000","0.834","10/01/2018","ΝΟΜΟΣ ΘΕΣΣΑΛΟΝΙΚΗΣ","2018-01-10"
"26234","20","1.528","1.750","1.323","1.005","0.834","10/01/2018","ΝΟΜΟΣ ΙΩΑΝΝΙΝΩΝ","2018-01-10"
"26235","21","1.561","1.770","1.329","1.023","0.837","10/01/2018","ΝΟΜΟΣ ΚΑΒΑΛΑΣ","2018-01-10"
"26236","22","1.554","1.759","1.310","1.012","0.825","10/01/2018","ΝΟΜΟΣ ΚΑΡΔΙΤΣΗΣ","2018-01-10"
"26237","23","1.587","1.768","1.352","1.040","0.875","10/01/2018","ΝΟΜΟΣ ΚΑΣΤΟΡΙΑΣ","2018-01-10"
"26238","24","1.577","1.782","1.344","1.070","0.959","10/01/2018","ΝΟΜΟΣ ΚΕΡΚΥΡΑΣ","2018-01-10"
"26239","25","1.624","1.786","1.355","1.033","0.000","10/01/2018","ΝΟΜΟΣ ΚΕΦΑΛΛΗΝΙΑΣ","2018-01-10"
"26240","26","1.534","1.817","1.295","0.998","0.844","10/01/2018","ΝΟΜΟΣ ΚΙΛΚΙΣ","2018-01-10"
"26241","27","1.546","1.701","1.327","1.012","0.800","10/01/2018","ΝΟΜΟΣ ΚΟΖΑΝΗΣ","2018-01-10"
"26242","28","1.532","1.721","1.310","0.998","0.852","10/01/2018","ΝΟΜΟΣ ΚΟΡΙΝΘΙΑΣ","2018-01-10"
"26243","29","1.788","1.928","1.487","1.134","0.950","10/01/2018","ΝΟΜΟΣ ΚΥΚΛΑΔΩΝ","2018-01-10"
"26244","30","1.558","1.755","1.327","1.018","0.861","10/01/2018","ΝΟΜΟΣ ΛΑΚΩΝΙΑΣ","2018-01-10"
"26245","31","1.534","1.728","1.301","1.010","0.822","10/01/2018","ΝΟΜΟΣ ΛΑΡΙΣΗΣ","2018-01-10"
"26246","32","1.612","1.807","1.354","1.040","0.916","10/01/2018","ΝΟΜΟΣ ΛΑΣΙΘΙΟΥ","2018-01-10"
"26247","33","1.612","1.822","1.369","1.128","0.956","10/01/2018","ΝΟΜΟΣ ΛΕΣΒΟΥ","2018-01-10"
"26248","34","1.571","1.769","1.319","1.042","0.844","10/01/2018","ΝΟΜΟΣ ΛΕΥΚΑΔΟΣ","2018-01-10"
"26249","35","1.574","1.749","1.338","1.020","0.851","10/01/2018","ΝΟΜΟΣ ΜΑΓΝΗΣΙΑΣ","2018-01-10"
"26250","36","1.564","1.750","1.311","1.038","0.878","10/01/2018","ΝΟΜΟΣ ΜΕΣΣΗΝΙΑΣ","2018-01-10"
"26251","37","1.509","1.716","1.291","0.991","0.765","10/01/2018","ΝΟΜΟΣ ΞΑΝΘΗΣ","2018-01-10"
"26252","38","1.535","1.683","1.312","0.995","0.816","10/01/2018","ΝΟΜΟΣ ΠΕΛΛΗΣ","2018-01-10"
"26253","39","1.537","1.725","1.301","0.992","0.830","10/01/2018","ΝΟΜΟΣ ΠΙΕΡΙΑΣ","2018-01-10"
"26254","40","1.538","1.708","1.314","0.997","0.823","10/01/2018","ΝΟΜΟΣ ΠΡΕΒΕΖΗΣ","2018-01-10"
"26255","41","1.604","1.792","1.361","1.064","0.894","10/01/2018","ΝΟΜΟΣ ΡΕΘΥΜΝΗΣ","2018-01-10"
"26256","42","1.536","1.702","1.297","0.994","0.843","10/01/2018","ΝΟΜΟΣ ΡΟΔΟΠΗΣ","2018-01-10"
"26257","43","1.696","1.821","1.440","0.000","0.928","10/01/2018","ΝΟΜΟΣ ΣΑΜΟΥ","2018-01-10"
"26258","44","1.523","1.695","1.288","0.997","0.852","10/01/2018","ΝΟΜΟΣ ΣΕΡΡΩΝ","2018-01-10"
"26259","45","1.556","1.718","1.336","0.993","0.817","10/01/2018","ΝΟΜΟΣ ΤΡΙΚΑΛΩΝ","2018-01-10"
"26260","46","1.547","1.767","1.315","1.025","0.853","10/01/2018","ΝΟΜΟΣ ΦΘΙΩΤΙΔΟΣ","2018-01-10"
"26261","47","1.535","1.748","1.330","1.013","0.846","10/01/2018","ΝΟΜΟΣ ΦΛΩΡΙΝΗΣ","2018-01-10"
"26262","48","1.585","1.783","1.360","1.068","0.892","10/01/2018","ΝΟΜΟΣ ΦΩΚΙΔΟΣ","2018-01-10"
"26263","49","1.565","1.714","1.326","1.011","0.844","10/01/2018","ΝΟΜΟΣ ΧΑΛΚΙΔΙΚΗΣ","2018-01-10"
"26264","50","1.584","1.797","1.353","1.027","0.902","10/01/2018","ΝΟΜΟΣ ΧΑΝΙΩΝ","2018-01-10"
"26265","51","1.591","1.795","1.333","1.010","0.985","10/01/2018","ΝΟΜΟΣ ΧΙΟΥ","2018-01-10"
"26164","1","1.515","1.726","1.295","0.997","0.802","11/01/2018","ΝΟΜΟΣ ΑΤΤΙΚΗΣ","2018-01-11"
"26165","2","1.563","1.767","1.334","1.034","0.870","11/01/2018","ΝΟΜΟΣ ΑΙΤΩΛΙΑΣ ΚΑΙ ΑΚΑΡΝΑΝΙΑΣ","2018-01-11"
"26166","3","1.535","1.709","1.302","1.014","0.871","11/01/2018","ΝΟΜΟΣ ΑΡΓΟΛΙΔΟΣ","2018-01-11"
"26167","4","1.564","1.754","1.336","1.020","0.852","11/01/2018","ΝΟΜΟΣ ΑΡΚΑΔΙΑΣ","2018-01-11"
"26168","5","1.538","1.727","1.327","1.034","0.866","11/01/2018","ΝΟΜΟΣ ΑΡΤΗΣ","2018-01-11"
"26169","6","1.522","1.736","1.315","1.009","0.855","11/01/2018","ΝΟΜΟΣ ΑΧΑΪΑΣ","2018-01-11"
"26170","7","1.542","1.760","1.317","1.007","0.834","11/01/2018","ΝΟΜΟΣ ΒΟΙΩΤΙΑΣ","2018-01-11"
"26171","8","1.584","1.766","1.352","1.037","0.833","11/01/2018","ΝΟΜΟΣ ΓΡΕΒΕΝΩΝ","2018-01-11"
"26172","9","1.523","1.721","1.292","0.995","0.827","11/01/2018","ΝΟΜΟΣ ΔΡΑΜΑΣ","2018-01-11"
"26173","10","1.672","1.845","1.412","1.094","0.958","11/01/2018","ΝΟΜΟΣ ΔΩΔΕΚΑΝΗΣΟΥ","2018-01-11"
"26174","11","1.564","1.747","1.338","1.021","0.859","11/01/2018","ΝΟΜΟΣ ΕΒΡΟΥ","2018-01-11"
"26175","12","1.548","1.735","1.318","1.014","0.828","11/01/2018","ΝΟΜΟΣ ΕΥΒΟΙΑΣ","2018-01-11"
"26176","13","1.640","1.871","1.397","1.079","0.899","11/01/2018","ΝΟΜΟΣ ΕΥΡΥΤΑΝΙΑΣ","2018-01-11"
"26177","14","1.571","1.730","1.325","1.036","0.969","11/01/2018","ΝΟΜΟΣ ΖΑΚΥΝΘΟΥ","2018-01-11"
"26178","15","1.550","1.718","1.311","1.002","0.823","11/01/2018","ΝΟΜΟΣ ΗΛΕΙΑΣ","2018-01-11"
"26179","16","1.519","1.713","1.301","1.003","0.784","11/01/2018","ΝΟΜΟΣ ΗΜΑΘΙΑΣ","2018-01-11"
"26180","17","1.589","1.767","1.357","1.015","0.918","11/01/2018","ΝΟΜΟΣ ΗΡΑΚΛΕΙΟΥ","2018-01-11"
"26181","18","1.573","1.764","1.346","1.055","0.849","11/01/2018","ΝΟΜΟΣ ΘΕΣΠΡΩΤΙΑΣ","2018-01-11"
"26182","19","1.516","1.721","1.294","1.000","0.834","11/01/2018","ΝΟΜΟΣ ΘΕΣΣΑΛΟΝΙΚΗΣ","2018-01-11"
"26183","20","1.525","1.755","1.323","1.005","0.836","11/01/2018","ΝΟΜΟΣ ΙΩΑΝΝΙΝΩΝ","2018-01-11"
"26184","21","1.562","1.770","1.330","1.023","0.837","11/01/2018","ΝΟΜΟΣ ΚΑΒΑΛΑΣ","2018-01-11"
"26185","22","1.555","1.755","1.312","1.014","0.825","11/01/2018","ΝΟΜΟΣ ΚΑΡΔΙΤΣΗΣ","2018-01-11"
"26186","23","1.587","1.760","1.348","1.040","0.877","11/01/2018","ΝΟΜΟΣ ΚΑΣΤΟΡΙΑΣ","2018-01-11"
"26187","24","1.577","1.779","1.344","1.071","0.959","11/01/2018","ΝΟΜΟΣ ΚΕΡΚΥΡΑΣ","2018-01-11"
"26188","25","1.625","1.786","1.354","1.035","0.920","11/01/2018","ΝΟΜΟΣ ΚΕΦΑΛΛΗΝΙΑΣ","2018-01-11"
"26189","26","1.535","1.802","1.301","0.999","0.844","11/01/2018","ΝΟΜΟΣ ΚΙΛΚΙΣ","2018-01-11"
"26190","27","1.545","1.700","1.328","1.014","0.798","11/01/2018","ΝΟΜΟΣ ΚΟΖΑΝΗΣ","2018-01-11"
"26191","28","1.532","1.719","1.311","1.002","0.853","11/01/2018","ΝΟΜΟΣ ΚΟΡΙΝΘΙΑΣ","2018-01-11"
"26192","29","1.787","1.926","1.487","1.134","0.951","11/01/2018","ΝΟΜΟΣ ΚΥΚΛΑΔΩΝ","2018-01-11"
"26193","30","1.557","1.752","1.327","1.018","0.850","11/01/2018","ΝΟΜΟΣ ΛΑΚΩΝΙΑΣ","2018-01-11"
"26194","31","1.535","1.726","1.303","1.011","0.817","11/01/2018","ΝΟΜΟΣ ΛΑΡΙΣΗΣ","2018-01-11"
"26195","32","1.615","1.805","1.356","1.040","0.911","11/01/2018","ΝΟΜΟΣ ΛΑΣΙΘΙΟΥ","2018-01-11"
"26196","33","1.611","1.815","1.369","1.128","0.956","11/01/2018","ΝΟΜΟΣ ΛΕΣΒΟΥ","2018-01-11"
"26197","34","1.571","1.769","1.319","1.042","0.844","11/01/2018","ΝΟΜΟΣ ΛΕΥΚΑΔΟΣ","2018-01-11"
"26198","35","1.574","1.749","1.339","1.021","0.851","11/01/2018","ΝΟΜΟΣ ΜΑΓΝΗΣΙΑΣ","2018-01-11"
"26199","36","1.564","1.746","1.313","1.041","0.875","11/01/2018","ΝΟΜΟΣ ΜΕΣΣΗΝΙΑΣ","2018-01-11"
"26200","37","1.509","1.707","1.292","0.994","0.765","11/01/2018","ΝΟΜΟΣ ΞΑΝΘΗΣ","2018-01-11"
"26201","38","1.536","1.685","1.313","0.998","0.816","11/01/2018","ΝΟΜΟΣ ΠΕΛΛΗΣ","2018-01-11"
"26202","39","1.536","1.726","1.303","0.993","0.834","11/01/2018","ΝΟΜΟΣ ΠΙΕΡΙΑΣ","2018-01-11"
"26203","40","1.538","1.713","1.316","1.000","0.824","11/01/2018","ΝΟΜΟΣ ΠΡΕΒΕΖΗΣ","2018-01-11"
"26204","41","1.609","1.797","1.366","1.066","0.894","11/01/2018","ΝΟΜΟΣ ΡΕΘΥΜΝΗΣ","2018-01-11"
"26205","42","1.538","1.702","1.300","0.994","0.843","11/01/2018","ΝΟΜΟΣ ΡΟΔΟΠΗΣ","2018-01-11"
"26206","43","1.693","1.817","1.437","0.000","0.928","11/01/2018","ΝΟΜΟΣ ΣΑΜΟΥ","2018-01-11"
"26207","44","1.524","1.700","1.291","0.998","0.853","11/01/2018","ΝΟΜΟΣ ΣΕΡΡΩΝ","2018-01-11"
"26208","45","1.557","1.718","1.337","0.993","0.820","11/01/2018","ΝΟΜΟΣ ΤΡΙΚΑΛΩΝ","2018-01-11"
"26209","46","1.548","1.769","1.318","1.028","0.853","11/01/2018","ΝΟΜΟΣ ΦΘΙΩΤΙΔΟΣ","2018-01-11"
"26210","47","1.536","1.748","1.330","1.013","0.846","11/01/2018","ΝΟΜΟΣ ΦΛΩΡΙΝΗΣ","2018-01-11"
"26211","48","1.587","1.788","1.362","1.068","0.892","11/01/2018","ΝΟΜΟΣ ΦΩΚΙΔΟΣ","2018-01-11"
"26212","49","1.564","1.723","1.327","1.011","0.843","11/01/2018","ΝΟΜΟΣ ΧΑΛΚΙΔΙΚΗΣ","2018-01-11"
"26213","50","1.585","1.798","1.356","1.029","0.902","11/01/2018","ΝΟΜΟΣ ΧΑΝΙΩΝ","2018-01-11"
"26214","51","1.591","1.795","1.333","1.011","0.985","11/01/2018","ΝΟΜΟΣ ΧΙΟΥ","2018-01-11"
"53398","1","1.518","1.721","1.297","1.001","0.801","12/01/2018","ΝΟΜΟΣ ΑΤΤΙΚΗΣ","2018-01-12"
"53399","2","1.565","1.762","1.336","1.036","0.874","12/01/2018","ΝΟΜΟΣ ΑΙΤΩΛΙΑΣ ΚΑΙ ΑΚΑΡΝΑΝΙΑΣ","2018-01-12"
"53400","3","1.536","1.708","1.306","1.016","0.872","12/01/2018","ΝΟΜΟΣ ΑΡΓΟΛΙΔΟΣ","2018-01-12"
"53401","4","1.566","1.755","1.339","1.025","0.860","12/01/2018","ΝΟΜΟΣ ΑΡΚΑΔΙΑΣ","2018-01-12"
"53402","5","1.538","1.727","1.327","1.034","0.866","12/01/2018","ΝΟΜΟΣ ΑΡΤΗΣ","2018-01-12"
"53403","6","1.523","1.728","1.317","1.011","0.856","12/01/2018","ΝΟΜΟΣ ΑΧΑΪΑΣ","2018-01-12"
"53404","7","1.542","1.750","1.318","1.008","0.834","12/01/2018","ΝΟΜΟΣ ΒΟΙΩΤΙΑΣ","2018-01-12"
"53405","8","1.585","1.772","1.357","1.042","0.833","12/01/2018","ΝΟΜΟΣ ΓΡΕΒΕΝΩΝ","2018-01-12"
"53406","9","1.523","1.721","1.292","0.995","0.827","12/01/2018","ΝΟΜΟΣ ΔΡΑΜΑΣ","2018-01-12"
"53407","10","1.672","1.843","1.412","1.094","0.958","12/01/2018","ΝΟΜΟΣ ΔΩΔΕΚΑΝΗΣΟΥ","2018-01-12"
"53408","11","1.565","1.747","1.340","1.022","0.859","12/01/2018","ΝΟΜΟΣ ΕΒΡΟΥ","2018-01-12"
"53409","12","1.549","1.732","1.319","1.016","0.827","12/01/2018","ΝΟΜΟΣ ΕΥΒΟΙΑΣ","2018-01-12"
"53410","13","1.640","1.871","1.398","1.084","0.899","12/01/2018","ΝΟΜΟΣ ΕΥΡΥΤΑΝΙΑΣ","2018-01-12"
"53411","14","1.569","1.726","1.327","1.036","0.969","12/01/2018","ΝΟΜΟΣ ΖΑΚΥΝΘΟΥ","2018-01-12"
"53412","15","1.550","1.720","1.312","1.005","0.825","12/01/2018","ΝΟΜΟΣ ΗΛΕΙΑΣ","2018-01-12"
"53413","16","1.519","1.711","1.302","1.005","0.784","12/01/2018","ΝΟΜΟΣ ΗΜΑΘΙΑΣ","2018-01-12"
"53414","17","1.589","1.758","1.359","1.018","0.918","12/01/2018","ΝΟΜΟΣ ΗΡΑΚΛΕΙΟΥ","2018-01-12"
"53415","18","1.574","1.771","1.350","1.055","0.849","12/01/2018","ΝΟΜΟΣ ΘΕΣΠΡΩΤΙΑΣ","2018-01-12"
"53416","19","1.518","1.714","1.297","1.002","0.834","12/01/2018","ΝΟΜΟΣ ΘΕΣΣΑΛΟΝΙΚΗΣ","2018-01-12"
"53417","20","1.527","1.746","1.324","1.006","0.836","12/01/2018","ΝΟΜΟΣ ΙΩΑΝΝΙΝΩΝ","2018-01-12"
"53418","21","1.561","1.763","1.330","1.023","0.838","12/01/2018","ΝΟΜΟΣ ΚΑΒΑΛΑΣ","2018-01-12"
"53419","22","1.555","1.753","1.314","1.015","0.825","12/01/2018","ΝΟΜΟΣ ΚΑΡΔΙΤΣΗΣ","2018-01-12"
"53420","23","1.587","1.762","1.351","1.044","0.862","12/01/2018","ΝΟΜΟΣ ΚΑΣΤΟΡΙΑΣ","2018-01-12"
"53421","24","1.578","1.771","1.347","1.073","0.959","12/01/2018","ΝΟΜΟΣ ΚΕΡΚΥΡΑΣ","2018-01-12"
"53422","25","1.627","1.781","1.360","1.035","0.920","12/01/2018","ΝΟΜΟΣ ΚΕΦΑΛΛΗΝΙΑΣ","2018-01-12"
"53423","26","1.538","1.802","1.304","1.000","0.844","12/01/2018","ΝΟΜΟΣ ΚΙΛΚΙΣ","2018-01-12"
"53424","27","1.547","1.703","1.329","1.015","0.798","12/01/2018","ΝΟΜΟΣ ΚΟΖΑΝΗΣ","2018-01-12"
"53425","28","1.532","1.713","1.312","1.003","0.857","12/01/2018","ΝΟΜΟΣ ΚΟΡΙΝΘΙΑΣ","2018-01-12"
"53426","29","1.787","1.916","1.487","1.136","0.950","12/01/2018","ΝΟΜΟΣ ΚΥΚΛΑΔΩΝ","2018-01-12"
"53427","30","1.558","1.750","1.328","1.022","0.850","12/01/2018","ΝΟΜΟΣ ΛΑΚΩΝΙΑΣ","2018-01-12"
"53428","31","1.535","1.718","1.306","1.013","0.816","12/01/2018","ΝΟΜΟΣ ΛΑΡΙΣΗΣ","2018-01-12"
"53429","32","1.617","1.795","1.359","1.040","0.911","12/01/2018","ΝΟΜΟΣ ΛΑΣΙΘΙΟΥ","2018-01-12"
"53430","33","1.610","1.810","1.369","1.129","0.956","12/01/2018","ΝΟΜΟΣ ΛΕΣΒΟΥ","2018-01-12"
"53431","34","1.574","1.763","1.326","1.046","0.844","12/01/2018","ΝΟΜΟΣ ΛΕΥΚΑΔΟΣ","2018-01-12"
"53432","35","1.574","1.744","1.340","1.023","0.851","12/01/2018","ΝΟΜΟΣ ΜΑΓΝΗΣΙΑΣ","2018-01-12"
"53433","36","1.565","1.742","1.314","1.045","0.875","12/01/2018","ΝΟΜΟΣ ΜΕΣΣΗΝΙΑΣ","2018-01-12"
"53434","37","1.512","1.707","1.294","1.023","0.764","12/01/2018","ΝΟΜΟΣ ΞΑΝΘΗΣ","2018-01-12"
"53435","38","1.536","1.680","1.315","1.000","0.816","12/01/2018","ΝΟΜΟΣ ΠΕΛΛΗΣ","2018-01-12"
"53436","39","1.536","1.712","1.302","0.993","0.830","12/01/2018","ΝΟΜΟΣ ΠΙΕΡΙΑΣ","2018-01-12"
"53437","40","1.540","1.709","1.317","1.000","0.824","12/01/2018","ΝΟΜΟΣ ΠΡΕΒΕΖΗΣ","2018-01-12"
"53438","41","1.610","1.789","1.368","1.068","0.894","12/01/2018","ΝΟΜΟΣ ΡΕΘΥΜΝΗΣ","2018-01-12"
"53439","42","1.537","1.685","1.302","0.997","0.842","12/01/2018","ΝΟΜΟΣ ΡΟΔΟΠΗΣ","2018-01-12"
"53440","43","1.693","1.815","1.437","0.000","0.928","12/01/2018","ΝΟΜΟΣ ΣΑΜΟΥ","2018-01-12"
"53441","44","1.525","1.696","1.294","1.000","0.854","12/01/2018","ΝΟΜΟΣ ΣΕΡΡΩΝ","2018-01-12"
"53442","45","1.559","1.718","1.341","0.996","0.820","12/01/2018","ΝΟΜΟΣ ΤΡΙΚΑΛΩΝ","2018-01-12"
"53443","46","1.550","1.773","1.321","1.030","0.858","12/01/2018","ΝΟΜΟΣ ΦΘΙΩΤΙΔΟΣ","2018-01-12"
"53444","47","1.536","1.728","1.329","1.017","0.844","12/01/2018","ΝΟΜΟΣ ΦΛΩΡΙΝΗΣ","2018-01-12"
"53445","48","1.588","1.784","1.362","1.071","0.892","12/01/2018","ΝΟΜΟΣ ΦΩΚΙΔΟΣ","2018-01-12"
"53446","49","1.564","1.720","1.328","1.011","0.843","12/01/2018","ΝΟΜΟΣ ΧΑΛΚΙΔΙΚΗΣ","2018-01-12"
"53447","50","1.586","1.789","1.357","1.032","0.903","12/01/2018","ΝΟΜΟΣ ΧΑΝΙΩΝ","2018-01-12"
"53448","51","1.591","1.790","1.333","1.012","0.985","12/01/2018","ΝΟΜΟΣ ΧΙΟΥ","2018-01-12"
"53070","30","1.559","1.748","1.329","1.022","0.850","13/01/2018","ΝΟΜΟΣ ΛΑΚΩΝΙΑΣ","2018-01-13"
"53041","1","1.519","1.722","1.299","1.004","0.801","13/01/2018","ΝΟΜΟΣ ΑΤΤΙΚΗΣ","2018-01-13"
"53042","2","1.565","1.762","1.337","1.037","0.875","13/01/2018","ΝΟΜΟΣ ΑΙΤΩΛΙΑΣ ΚΑΙ ΑΚΑΡΝΑΝΙΑΣ","2018-01-13"
"53043","3","1.538","1.711","1.308","1.018","0.872","13/01/2018","ΝΟΜΟΣ ΑΡΓΟΛΙΔΟΣ","2018-01-13"
"53044","4","1.566","1.756","1.341","1.026","0.860","13/01/2018","ΝΟΜΟΣ ΑΡΚΑΔΙΑΣ","2018-01-13"
"53045","5","1.539","1.723","1.327","1.033","0.863","13/01/2018","ΝΟΜΟΣ ΑΡΤΗΣ","2018-01-13"
"53046","6","1.527","1.729","1.319","1.014","0.856","13/01/2018","ΝΟΜΟΣ ΑΧΑΪΑΣ","2018-01-13"
"53047","7","1.542","1.750","1.319","1.009","0.834","13/01/2018","ΝΟΜΟΣ ΒΟΙΩΤΙΑΣ","2018-01-13"
"53048","8","1.586","1.772","1.359","1.042","0.833","13/01/2018","ΝΟΜΟΣ ΓΡΕΒΕΝΩΝ","2018-01-13"
"53049","9","1.523","1.721","1.293","0.997","0.827","13/01/2018","ΝΟΜΟΣ ΔΡΑΜΑΣ","2018-01-13"
"53050","10","1.672","1.844","1.413","1.096","0.958","13/01/2018","ΝΟΜΟΣ ΔΩΔΕΚΑΝΗΣΟΥ","2018-01-13"
"53051","11","1.566","1.749","1.341","1.023","0.859","13/01/2018","ΝΟΜΟΣ ΕΒΡΟΥ","2018-01-13"
"53052","12","1.550","1.733","1.320","1.017","0.827","13/01/2018","ΝΟΜΟΣ ΕΥΒΟΙΑΣ","2018-01-13"
"53053","13","1.641","1.871","1.398","1.085","0.899","13/01/2018","ΝΟΜΟΣ ΕΥΡΥΤΑΝΙΑΣ","2018-01-13"
"53054","14","1.569","1.726","1.327","1.036","0.969","13/01/2018","ΝΟΜΟΣ ΖΑΚΥΝΘΟΥ","2018-01-13"
"53055","15","1.553","1.725","1.317","1.010","0.825","13/01/2018","ΝΟΜΟΣ ΗΛΕΙΑΣ","2018-01-13"
"53056","16","1.520","1.710","1.302","1.007","0.783","13/01/2018","ΝΟΜΟΣ ΗΜΑΘΙΑΣ","2018-01-13"
"53057","17","1.593","1.761","1.362","1.018","0.913","13/01/2018","ΝΟΜΟΣ ΗΡΑΚΛΕΙΟΥ","2018-01-13"
"53058","18","1.574","1.771","1.351","1.055","0.849","13/01/2018","ΝΟΜΟΣ ΘΕΣΠΡΩΤΙΑΣ","2018-01-13"
"53059","19","1.519","1.715","1.298","1.003","0.834","13/01/2018","ΝΟΜΟΣ ΘΕΣΣΑΛΟΝΙΚΗΣ","2018-01-13"
"53060","20","1.531","1.745","1.327","1.006","0.834","13/01/2018","ΝΟΜΟΣ ΙΩΑΝΝΙΝΩΝ","2018-01-13"
"53061","21","1.562","1.764","1.331","1.025","0.838","13/01/2018","ΝΟΜΟΣ ΚΑΒΑΛΑΣ","2018-01-13"
"53062","22","1.555","1.738","1.315","1.016","0.821","13/01/2018","ΝΟΜΟΣ ΚΑΡΔΙΤΣΗΣ","2018-01-13"
"53063","23","1.587","1.753","1.350","1.047","0.862","13/01/2018","ΝΟΜΟΣ ΚΑΣΤΟΡΙΑΣ","2018-01-13"
"53064","24","1.579","1.771","1.349","1.074","0.967","13/01/2018","ΝΟΜΟΣ ΚΕΡΚΥΡΑΣ","2018-01-13"
"53065","25","1.625","1.785","1.358","1.037","0.920","13/01/2018","ΝΟΜΟΣ ΚΕΦΑΛΛΗΝΙΑΣ","2018-01-13"
"53066","26","1.539","1.802","1.305","1.002","0.844","13/01/2018","ΝΟΜΟΣ ΚΙΛΚΙΣ","2018-01-13"
"53067","27","1.548","1.700","1.330","1.016","0.798","13/01/2018","ΝΟΜΟΣ ΚΟΖΑΝΗΣ","2018-01-13"
"53068","28","1.535","1.719","1.314","1.005","0.857","13/01/2018","ΝΟΜΟΣ ΚΟΡΙΝΘΙΑΣ","2018-01-13"
"53069","29","1.788","1.919","1.488","1.142","0.950","13/01/2018","ΝΟΜΟΣ ΚΥΚΛΑΔΩΝ","2018-01-13"
"53071","31","1.536","1.718","1.307","1.014","0.816","13/01/2018","ΝΟΜΟΣ ΛΑΡΙΣΗΣ","2018-01-13"
"53072","32","1.619","1.795","1.360","1.047","0.911","13/01/2018","ΝΟΜΟΣ ΛΑΣΙΘΙΟΥ","2018-01-13"
"53073","33","1.610","1.810","1.369","1.129","0.956","13/01/2018","ΝΟΜΟΣ ΛΕΣΒΟΥ","2018-01-13"
"53074","34","1.574","1.763","1.327","1.046","0.844","13/01/2018","ΝΟΜΟΣ ΛΕΥΚΑΔΟΣ","2018-01-13"
"53075","35","1.575","1.746","1.340","1.027","0.851","13/01/2018","ΝΟΜΟΣ ΜΑΓΝΗΣΙΑΣ","2018-01-13"
"53076","36","1.565","1.741","1.315","1.045","0.875","13/01/2018","ΝΟΜΟΣ ΜΕΣΣΗΝΙΑΣ","2018-01-13"
"53077","37","1.513","1.708","1.297","0.999","0.764","13/01/2018","ΝΟΜΟΣ ΞΑΝΘΗΣ","2018-01-13"
"53078","38","1.535","1.680","1.316","1.001","0.816","13/01/2018","ΝΟΜΟΣ ΠΕΛΛΗΣ","2018-01-13"
"53079","39","1.537","1.715","1.303","0.995","0.830","13/01/2018","ΝΟΜΟΣ ΠΙΕΡΙΑΣ","2018-01-13"
"53080","40","1.540","1.709","1.318","1.001","0.824","13/01/2018","ΝΟΜΟΣ ΠΡΕΒΕΖΗΣ","2018-01-13"
"53081","41","1.612","1.793","1.370","1.057","0.894","13/01/2018","ΝΟΜΟΣ ΡΕΘΥΜΝΗΣ","2018-01-13"
"53082","42","1.539","1.685","1.303","1.000","0.842","13/01/2018","ΝΟΜΟΣ ΡΟΔΟΠΗΣ","2018-01-13"
"53083","43","1.694","1.807","1.439","0.000","0.928","13/01/2018","ΝΟΜΟΣ ΣΑΜΟΥ","2018-01-13"
"53084","44","1.527","1.697","1.296","1.002","0.854","13/01/2018","ΝΟΜΟΣ ΣΕΡΡΩΝ","2018-01-13"
"53085","45","1.560","1.718","1.342","0.998","0.816","13/01/2018","ΝΟΜΟΣ ΤΡΙΚΑΛΩΝ","2018-01-13"
"53086","46","1.550","1.773","1.322","1.031","0.858","13/01/2018","ΝΟΜΟΣ ΦΘΙΩΤΙΔΟΣ","2018-01-13"
"53087","47","1.536","1.733","1.330","1.020","0.839","13/01/2018","ΝΟΜΟΣ ΦΛΩΡΙΝΗΣ","2018-01-13"
"53088","48","1.588","1.784","1.364","1.072","0.892","13/01/2018","ΝΟΜΟΣ ΦΩΚΙΔΟΣ","2018-01-13"
"53089","49","1.564","1.716","1.327","1.015","0.843","13/01/2018","ΝΟΜΟΣ ΧΑΛΚΙΔΙΚΗΣ","2018-01-13"
"53090","50","1.587","1.787","1.358","1.033","0.900","13/01/2018","ΝΟΜΟΣ ΧΑΝΙΩΝ","2018-01-13"
"53091","51","1.592","1.790","1.333","1.012","0.985","13/01/2018","ΝΟΜΟΣ ΧΙΟΥ","2018-01-13"
"6426","51","1.592","1.790","1.333","1.012","0.985","14/01/2018","ΝΟΜΟΣ ΧΙΟΥ","2018-01-14"
"6425","50","1.585","1.788","1.359","1.033","0.900","14/01/2018","ΝΟΜΟΣ ΧΑΝΙΩΝ","2018-01-14"
"6424","49","1.564","1.714","1.327","1.015","0.843","14/01/2018","ΝΟΜΟΣ ΧΑΛΚΙΔΙΚΗΣ","2018-01-14"
"6423","48","1.588","1.777","1.363","1.072","0.892","14/01/2018","ΝΟΜΟΣ ΦΩΚΙΔΟΣ","2018-01-14"
"6422","47","1.537","1.733","1.330","1.020","0.839","14/01/2018","ΝΟΜΟΣ ΦΛΩΡΙΝΗΣ","2018-01-14"
"6421","46","1.550","1.773","1.322","1.030","0.858","14/01/2018","ΝΟΜΟΣ ΦΘΙΩΤΙΔΟΣ","2018-01-14"
"6420","45","1.560","1.716","1.340","0.998","0.816","14/01/2018","ΝΟΜΟΣ ΤΡΙΚΑΛΩΝ","2018-01-14"
"6419","44","1.527","1.704","1.297","1.005","0.856","14/01/2018","ΝΟΜΟΣ ΣΕΡΡΩΝ","2018-01-14"
"6418","43","1.694","1.807","1.439","0.000","0.928","14/01/2018","ΝΟΜΟΣ ΣΑΜΟΥ","2018-01-14"
"6417","42","1.539","1.689","1.303","1.001","0.843","14/01/2018","ΝΟΜΟΣ ΡΟΔΟΠΗΣ","2018-01-14"
"6416","41","1.613","1.793","1.371","1.057","0.894","14/01/2018","ΝΟΜΟΣ ΡΕΘΥΜΝΗΣ","2018-01-14"
"6415","40","1.540","1.710","1.318","1.001","0.823","14/01/2018","ΝΟΜΟΣ ΠΡΕΒΕΖΗΣ","2018-01-14"
"6414","39","1.537","1.720","1.303","0.995","0.827","14/01/2018","ΝΟΜΟΣ ΠΙΕΡΙΑΣ","2018-01-14"
"6413","38","1.535","1.680","1.316","1.002","0.816","14/01/2018","ΝΟΜΟΣ ΠΕΛΛΗΣ","2018-01-14"
"6412","37","1.515","1.714","1.298","0.999","0.764","14/01/2018","ΝΟΜΟΣ ΞΑΝΘΗΣ","2018-01-14"
"6411","36","1.566","1.741","1.316","1.048","0.875","14/01/2018","ΝΟΜΟΣ ΜΕΣΣΗΝΙΑΣ","2018-01-14"
"6410","35","1.572","1.741","1.337","1.028","0.846","14/01/2018","ΝΟΜΟΣ ΜΑΓΝΗΣΙΑΣ","2018-01-14"
"6409","34","1.577","1.758","1.330","1.046","0.844","14/01/2018","ΝΟΜΟΣ ΛΕΥΚΑΔΟΣ","2018-01-14"
"6408","33","1.610","1.813","1.369","1.129","0.956","14/01/2018","ΝΟΜΟΣ ΛΕΣΒΟΥ","2018-01-14"
"6407","32","1.620","1.797","1.360","1.047","0.911","14/01/2018","ΝΟΜΟΣ ΛΑΣΙΘΙΟΥ","2018-01-14"
"6406","31","1.536","1.715","1.306","1.014","0.816","14/01/2018","ΝΟΜΟΣ ΛΑΡΙΣΗΣ","2018-01-14"
"6405","30","1.560","1.746","1.330","1.022","0.850","14/01/2018","ΝΟΜΟΣ ΛΑΚΩΝΙΑΣ","2018-01-14"
"6404","29","1.788","1.921","1.487","1.142","0.950","14/01/2018","ΝΟΜΟΣ ΚΥΚΛΑΔΩΝ","2018-01-14"
"6403","28","1.536","1.719","1.315","1.006","0.857","14/01/2018","ΝΟΜΟΣ ΚΟΡΙΝΘΙΑΣ","2018-01-14"
"6402","27","1.547","1.701","1.331","1.016","0.797","14/01/2018","ΝΟΜΟΣ ΚΟΖΑΝΗΣ","2018-01-14"
"6401","26","1.541","1.812","1.307","1.002","0.844","14/01/2018","ΝΟΜΟΣ ΚΙΛΚΙΣ","2018-01-14"
"6400","25","1.622","1.776","1.358","1.037","0.920","14/01/2018","ΝΟΜΟΣ ΚΕΦΑΛΛΗΝΙΑΣ","2018-01-14"
"6399","24","1.579","1.771","1.349","1.074","0.967","14/01/2018","ΝΟΜΟΣ ΚΕΡΚΥΡΑΣ","2018-01-14"
"6398","23","1.587","1.753","1.350","1.047","0.862","14/01/2018","ΝΟΜΟΣ ΚΑΣΤΟΡΙΑΣ","2018-01-14"
"6397","22","1.556","1.746","1.317","1.017","0.818","14/01/2018","ΝΟΜΟΣ ΚΑΡΔΙΤΣΗΣ","2018-01-14"
"6396","21","1.563","1.770","1.331","1.025","0.838","14/01/2018","ΝΟΜΟΣ ΚΑΒΑΛΑΣ","2018-01-14"
"6395","20","1.531","1.745","1.328","1.006","0.834","14/01/2018","ΝΟΜΟΣ ΙΩΑΝΝΙΝΩΝ","2018-01-14"
"6394","19","1.519","1.715","1.298","1.004","0.834","14/01/2018","ΝΟΜΟΣ ΘΕΣΣΑΛΟΝΙΚΗΣ","2018-01-14"
"6393","18","1.574","1.764","1.351","1.055","0.849","14/01/2018","ΝΟΜΟΣ ΘΕΣΠΡΩΤΙΑΣ","2018-01-14"
"6392","17","1.594","1.762","1.362","1.018","0.913","14/01/2018","ΝΟΜΟΣ ΗΡΑΚΛΕΙΟΥ","2018-01-14"
"6391","16","1.520","1.711","1.302","1.007","0.783","14/01/2018","ΝΟΜΟΣ ΗΜΑΘΙΑΣ","2018-01-14"
"6390","15","1.555","1.723","1.318","1.014","0.825","14/01/2018","ΝΟΜΟΣ ΗΛΕΙΑΣ","2018-01-14"
"6389","14","1.571","1.730","1.327","1.036","0.969","14/01/2018","ΝΟΜΟΣ ΖΑΚΥΝΘΟΥ","2018-01-14"
"6388","13","1.652","1.899","1.406","1.090","0.899","14/01/2018","ΝΟΜΟΣ ΕΥΡΥΤΑΝΙΑΣ","2018-01-14"
"6387","12","1.550","1.732","1.321","1.018","0.828","14/01/2018","ΝΟΜΟΣ ΕΥΒΟΙΑΣ","2018-01-14"
"6386","11","1.565","1.753","1.341","1.023","0.859","14/01/2018","ΝΟΜΟΣ ΕΒΡΟΥ","2018-01-14"
"6385","10","1.672","1.847","1.414","1.096","0.958","14/01/2018","ΝΟΜΟΣ ΔΩΔΕΚΑΝΗΣΟΥ","2018-01-14"
"6384","9","1.523","1.721","1.293","0.997","0.827","14/01/2018","ΝΟΜΟΣ ΔΡΑΜΑΣ","2018-01-14"
"6383","8","1.585","1.772","1.359","1.042","0.833","14/01/2018","ΝΟΜΟΣ ΓΡΕΒΕΝΩΝ","2018-01-14"
"6382","7","1.546","1.764","1.322","1.009","0.832","14/01/2018","ΝΟΜΟΣ ΒΟΙΩΤΙΑΣ","2018-01-14"
"6381","6","1.525","1.727","1.319","1.014","0.855","14/01/2018","ΝΟΜΟΣ ΑΧΑΪΑΣ","2018-01-14"
"6380","5","1.538","1.723","1.326","1.033","0.867","14/01/2018","ΝΟΜΟΣ ΑΡΤΗΣ","2018-01-14"
"6379","4","1.567","1.756","1.341","1.026","0.860","14/01/2018","ΝΟΜΟΣ ΑΡΚΑΔΙΑΣ","2018-01-14"
"6378","3","1.537","1.711","1.307","1.017","0.872","14/01/2018","ΝΟΜΟΣ ΑΡΓΟΛΙΔΟΣ","2018-01-14"
"6377","2","1.564","1.762","1.336","1.037","0.876","14/01/2018","ΝΟΜΟΣ ΑΙΤΩΛΙΑΣ ΚΑΙ ΑΚΑΡΝΑΝΙΑΣ","2018-01-14"
"6376","1","1.519","1.723","1.299","1.005","0.802","14/01/2018","ΝΟΜΟΣ ΑΤΤΙΚΗΣ","2018-01-14"
"36619","1","1.521","1.731","1.300","1.005","0.802","15/01/2018","ΝΟΜΟΣ ΑΤΤΙΚΗΣ","2018-01-15"
"36620","2","1.566","1.766","1.340","1.041","0.876","15/01/2018","ΝΟΜΟΣ ΑΙΤΩΛΙΑΣ ΚΑΙ ΑΚΑΡΝΑΝΙΑΣ","2018-01-15"
"36621","3","1.537","1.712","1.308","1.017","0.872","15/01/2018","ΝΟΜΟΣ ΑΡΓΟΛΙΔΟΣ","2018-01-15"
"36622","4","1.568","1.759","1.343","1.027","0.860","15/01/2018","ΝΟΜΟΣ ΑΡΚΑΔΙΑΣ","2018-01-15"
"36623","5","1.538","1.723","1.326","1.033","0.867","15/01/2018","ΝΟΜΟΣ ΑΡΤΗΣ","2018-01-15"
"36624","6","1.528","1.738","1.322","1.015","0.856","15/01/2018","ΝΟΜΟΣ ΑΧΑΪΑΣ","2018-01-15"
"36625","7","1.546","1.773","1.323","1.010","0.832","15/01/2018","ΝΟΜΟΣ ΒΟΙΩΤΙΑΣ","2018-01-15"
"36626","8","1.585","1.772","1.359","1.042","0.833","15/01/2018","ΝΟΜΟΣ ΓΡΕΒΕΝΩΝ","2018-01-15"
"36627","9","1.526","1.732","1.294","1.000","0.827","15/01/2018","ΝΟΜΟΣ ΔΡΑΜΑΣ","2018-01-15"
"36628","10","1.677","1.854","1.420","1.096","0.958","15/01/2018","ΝΟΜΟΣ ΔΩΔΕΚΑΝΗΣΟΥ","2018-01-15"
"36629","11","1.568","1.760","1.343","1.026","0.859","15/01/2018","ΝΟΜΟΣ ΕΒΡΟΥ","2018-01-15"
"36630","12","1.550","1.736","1.322","1.018","0.828","15/01/2018","ΝΟΜΟΣ ΕΥΒΟΙΑΣ","2018-01-15"
"36631","13","1.641","1.871","1.404","1.089","0.899","15/01/2018","ΝΟΜΟΣ ΕΥΡΥΤΑΝΙΑΣ","2018-01-15"
"36632","14","1.573","1.727","1.329","1.038","0.969","15/01/2018","ΝΟΜΟΣ ΖΑΚΥΝΘΟΥ","2018-01-15"
"36633","15","1.556","1.731","1.319","1.013","0.825","15/01/2018","ΝΟΜΟΣ ΗΛΕΙΑΣ","2018-01-15"
"36634","16","1.522","1.714","1.303","1.007","0.783","15/01/2018","ΝΟΜΟΣ ΗΜΑΘΙΑΣ","2018-01-15"
"36635","17","1.594","1.773","1.363","1.018","0.909","15/01/2018","ΝΟΜΟΣ ΗΡΑΚΛΕΙΟΥ","2018-01-15"
"36636","18","1.574","1.768","1.351","1.055","0.849","15/01/2018","ΝΟΜΟΣ ΘΕΣΠΡΩΤΙΑΣ","2018-01-15"
"36637","19","1.520","1.724","1.300","1.006","0.834","15/01/2018","ΝΟΜΟΣ ΘΕΣΣΑΛΟΝΙΚΗΣ","2018-01-15"
"36638","20","1.531","1.818","1.329","1.008","0.834","15/01/2018","ΝΟΜΟΣ ΙΩΑΝΝΙΝΩΝ","2018-01-15"
"36639","21","1.563","1.777","1.332","1.026","0.838","15/01/2018","ΝΟΜΟΣ ΚΑΒΑΛΑΣ","2018-01-15"
"36640","22","1.556","1.746","1.317","1.017","0.818","15/01/2018","ΝΟΜΟΣ ΚΑΡΔΙΤΣΗΣ","2018-01-15"
"36641","23","1.587","1.770","1.352","1.050","0.862","15/01/2018","ΝΟΜΟΣ ΚΑΣΤΟΡΙΑΣ","2018-01-15"
"36642","24","1.581","1.771","1.350","1.077","0.967","15/01/2018","ΝΟΜΟΣ ΚΕΡΚΥΡΑΣ","2018-01-15"
"36643","25","1.622","1.780","1.358","1.037","0.920","15/01/2018","ΝΟΜΟΣ ΚΕΦΑΛΛΗΝΙΑΣ","2018-01-15"
"36644","26","1.540","1.811","1.310","1.002","0.844","15/01/2018","ΝΟΜΟΣ ΚΙΛΚΙΣ","2018-01-15"
"36645","27","1.547","1.701","1.331","1.017","0.797","15/01/2018","ΝΟΜΟΣ ΚΟΖΑΝΗΣ","2018-01-15"
"36646","28","1.536","1.735","1.319","1.008","0.862","15/01/2018","ΝΟΜΟΣ ΚΟΡΙΝΘΙΑΣ","2018-01-15"
"36647","29","1.793","1.929","1.491","1.142","0.950","15/01/2018","ΝΟΜΟΣ ΚΥΚΛΑΔΩΝ","2018-01-15"
"36648","30","1.560","1.752","1.332","1.022","0.850","15/01/2018","ΝΟΜΟΣ ΛΑΚΩΝΙΑΣ","2018-01-15"
"36649","31","1.537","1.728","1.308","1.016","0.816","15/01/2018","ΝΟΜΟΣ ΛΑΡΙΣΗΣ","2018-01-15"
"36650","32","1.619","1.810","1.363","1.047","0.911","15/01/2018","ΝΟΜΟΣ ΛΑΣΙΘΙΟΥ","2018-01-15"
"36651","33","1.611","1.820","1.374","1.131","0.956","15/01/2018","ΝΟΜΟΣ ΛΕΣΒΟΥ","2018-01-15"
"36652","34","1.577","1.765","1.330","1.046","0.844","15/01/2018","ΝΟΜΟΣ ΛΕΥΚΑΔΟΣ","2018-01-15"
"36653","35","1.576","1.749","1.341","1.029","0.844","15/01/2018","ΝΟΜΟΣ ΜΑΓΝΗΣΙΑΣ","2018-01-15"
"36654","36","1.567","1.749","1.319","1.050","0.877","15/01/2018","ΝΟΜΟΣ ΜΕΣΣΗΝΙΑΣ","2018-01-15"
"36655","37","1.515","1.721","1.299","1.002","0.765","15/01/2018","ΝΟΜΟΣ ΞΑΝΘΗΣ","2018-01-15"
"36656","38","1.538","1.693","1.319","1.002","0.816","15/01/2018","ΝΟΜΟΣ ΠΕΛΛΗΣ","2018-01-15"
"36657","39","1.538","1.720","1.304","0.996","0.827","15/01/2018","ΝΟΜΟΣ ΠΙΕΡΙΑΣ","2018-01-15"
"36658","40","1.540","1.715","1.318","1.003","0.823","15/01/2018","ΝΟΜΟΣ ΠΡΕΒΕΖΗΣ","2018-01-15"
"36659","41","1.614","1.803","1.373","1.061","0.894","15/01/2018","ΝΟΜΟΣ ΡΕΘΥΜΝΗΣ","2018-01-15"
"36660","42","1.539","1.687","1.304","1.002","0.836","15/01/2018","ΝΟΜΟΣ ΡΟΔΟΠΗΣ","2018-01-15"
"36661","43","1.691","1.815","1.437","0.000","0.928","15/01/2018","ΝΟΜΟΣ ΣΑΜΟΥ","2018-01-15"
"36662","44","1.529","1.710","1.297","1.007","0.856","15/01/2018","ΝΟΜΟΣ ΣΕΡΡΩΝ","2018-01-15"
"36663","45","1.560","1.717","1.339","0.999","0.820","15/01/2018","ΝΟΜΟΣ ΤΡΙΚΑΛΩΝ","2018-01-15"
"36664","46","1.551","1.774","1.324","1.031","0.858","15/01/2018","ΝΟΜΟΣ ΦΘΙΩΤΙΔΟΣ","2018-01-15"
"36665","47","1.535","1.727","1.328","1.025","0.839","15/01/2018","ΝΟΜΟΣ ΦΛΩΡΙΝΗΣ","2018-01-15"
"36666","48","1.589","1.781","1.364","1.072","0.892","15/01/2018","ΝΟΜΟΣ ΦΩΚΙΔΟΣ","2018-01-15"
"36667","49","1.565","1.717","1.328","1.015","0.843","15/01/2018","ΝΟΜΟΣ ΧΑΛΚΙΔΙΚΗΣ","2018-01-15"
"36668","50","1.587","1.803","1.359","1.035","0.900","15/01/2018","ΝΟΜΟΣ ΧΑΝΙΩΝ","2018-01-15"
"36669","51","1.592","1.796","1.333","1.013","0.985","15/01/2018","ΝΟΜΟΣ ΧΙΟΥ","2018-01-15"
"15096","51","1.592","1.796","1.334","1.014","0.985","16/01/2018","ΝΟΜΟΣ ΧΙΟΥ","2018-01-16"
"15095","50","1.587","1.803","1.360","1.035","0.894","16/01/2018","ΝΟΜΟΣ ΧΑΝΙΩΝ","2018-01-16"
"15094","49","1.565","1.717","1.328","1.018","0.843","16/01/2018","ΝΟΜΟΣ ΧΑΛΚΙΔΙΚΗΣ","2018-01-16"
"15093","48","1.589","1.781","1.364","1.072","0.892","16/01/2018","ΝΟΜΟΣ ΦΩΚΙΔΟΣ","2018-01-16"
"15092","47","1.533","1.727","1.327","1.025","0.839","16/01/2018","ΝΟΜΟΣ ΦΛΩΡΙΝΗΣ","2018-01-16"
"15091","46","1.552","1.776","1.325","1.032","0.858","16/01/2018","ΝΟΜΟΣ ΦΘΙΩΤΙΔΟΣ","2018-01-16"
"15090","45","1.560","1.717","1.340","1.005","0.820","16/01/2018","ΝΟΜΟΣ ΤΡΙΚΑΛΩΝ","2018-01-16"
"15089","44","1.531","1.708","1.298","1.007","0.857","16/01/2018","ΝΟΜΟΣ ΣΕΡΡΩΝ","2018-01-16"
"15088","43","1.689","1.815","1.433","0.000","0.928","16/01/2018","ΝΟΜΟΣ ΣΑΜΟΥ","2018-01-16"
"15087","42","1.540","1.687","1.307","1.004","0.836","16/01/2018","ΝΟΜΟΣ ΡΟΔΟΠΗΣ","2018-01-16"
"15086","41","1.614","1.803","1.373","1.061","0.894","16/01/2018","ΝΟΜΟΣ ΡΕΘΥΜΝΗΣ","2018-01-16"
"15085","40","1.541","1.714","1.319","1.009","0.823","16/01/2018","ΝΟΜΟΣ ΠΡΕΒΕΖΗΣ","2018-01-16"
"15084","39","1.538","1.720","1.305","0.996","0.827","16/01/2018","ΝΟΜΟΣ ΠΙΕΡΙΑΣ","2018-01-16"
"15083","38","1.540","1.695","1.320","1.002","0.816","16/01/2018","ΝΟΜΟΣ ΠΕΛΛΗΣ","2018-01-16"
"15082","37","1.516","1.721","1.299","1.002","0.765","16/01/2018","ΝΟΜΟΣ ΞΑΝΘΗΣ","2018-01-16"
"15081","36","1.569","1.749","1.319","1.050","0.877","16/01/2018","ΝΟΜΟΣ ΜΕΣΣΗΝΙΑΣ","2018-01-16"
"15080","35","1.582","1.750","1.345","1.030","0.845","16/01/2018","ΝΟΜΟΣ ΜΑΓΝΗΣΙΑΣ","2018-01-16"
"15079","34","1.577","1.772","1.330","1.050","0.840","16/01/2018","ΝΟΜΟΣ ΛΕΥΚΑΔΟΣ","2018-01-16"
"15078","33","1.611","1.820","1.375","1.131","0.956","16/01/2018","ΝΟΜΟΣ ΛΕΣΒΟΥ","2018-01-16"
"15077","32","1.624","1.811","1.365","1.047","0.909","16/01/2018","ΝΟΜΟΣ ΛΑΣΙΘΙΟΥ","2018-01-16"
"15076","31","1.538","1.729","1.308","1.015","0.816","16/01/2018","ΝΟΜΟΣ ΛΑΡΙΣΗΣ","2018-01-16"
"15075","30","1.559","1.753","1.332","1.027","0.845","16/01/2018","ΝΟΜΟΣ ΛΑΚΩΝΙΑΣ","2018-01-16"
"15074","29","1.793","1.929","1.490","1.139","0.950","16/01/2018","ΝΟΜΟΣ ΚΥΚΛΑΔΩΝ","2018-01-16"
"15073","28","1.536","1.738","1.321","1.010","0.856","16/01/2018","ΝΟΜΟΣ ΚΟΡΙΝΘΙΑΣ","2018-01-16"
"15072","27","1.548","1.701","1.331","1.018","0.797","16/01/2018","ΝΟΜΟΣ ΚΟΖΑΝΗΣ","2018-01-16"
"15071","26","1.541","1.811","1.310","1.002","0.844","16/01/2018","ΝΟΜΟΣ ΚΙΛΚΙΣ","2018-01-16"
"15070","25","1.622","1.784","1.360","1.045","0.920","16/01/2018","ΝΟΜΟΣ ΚΕΦΑΛΛΗΝΙΑΣ","2018-01-16"
"15069","24","1.581","1.779","1.354","1.077","0.967","16/01/2018","ΝΟΜΟΣ ΚΕΡΚΥΡΑΣ","2018-01-16"
"15068","23","1.586","1.770","1.352","1.050","0.862","16/01/2018","ΝΟΜΟΣ ΚΑΣΤΟΡΙΑΣ","2018-01-16"
"15067","22","1.556","1.748","1.317","1.017","0.821","16/01/2018","ΝΟΜΟΣ ΚΑΡΔΙΤΣΗΣ","2018-01-16"
"15066","21","1.563","1.777","1.332","1.026","0.838","16/01/2018","ΝΟΜΟΣ ΚΑΒΑΛΑΣ","2018-01-16"
"15065","20","1.532","1.819","1.328","1.009","0.834","16/01/2018","ΝΟΜΟΣ ΙΩΑΝΝΙΝΩΝ","2018-01-16"
"15064","19","1.521","1.723","1.301","1.007","0.834","16/01/2018","ΝΟΜΟΣ ΘΕΣΣΑΛΟΝΙΚΗΣ","2018-01-16"
"15063","18","1.574","1.770","1.352","1.055","0.849","16/01/2018","ΝΟΜΟΣ ΘΕΣΠΡΩΤΙΑΣ","2018-01-16"
"15062","17","1.595","1.773","1.362","1.019","0.914","16/01/2018","ΝΟΜΟΣ ΗΡΑΚΛΕΙΟΥ","2018-01-16"
"15061","16","1.522","1.714","1.305","1.008","0.783","16/01/2018","ΝΟΜΟΣ ΗΜΑΘΙΑΣ","2018-01-16"
"15060","15","1.556","1.734","1.320","1.013","0.823","16/01/2018","ΝΟΜΟΣ ΗΛΕΙΑΣ","2018-01-16"
"15059","14","1.572","1.727","1.329","1.038","0.969","16/01/2018","ΝΟΜΟΣ ΖΑΚΥΝΘΟΥ","2018-01-16"
"15058","13","1.641","1.871","1.404","1.091","0.899","16/01/2018","ΝΟΜΟΣ ΕΥΡΥΤΑΝΙΑΣ","2018-01-16"
"15057","12","1.550","1.739","1.323","1.018","0.828","16/01/2018","ΝΟΜΟΣ ΕΥΒΟΙΑΣ","2018-01-16"
"15056","11","1.569","1.760","1.344","1.028","0.859","16/01/2018","ΝΟΜΟΣ ΕΒΡΟΥ","2018-01-16"
"15046","1","1.522","1.732","1.301","1.007","0.801","16/01/2018","ΝΟΜΟΣ ΑΤΤΙΚΗΣ","2018-01-16"
"15047","2","1.567","1.767","1.340","1.041","0.876","16/01/2018","ΝΟΜΟΣ ΑΙΤΩΛΙΑΣ ΚΑΙ ΑΚΑΡΝΑΝΙΑΣ","2018-01-16"
"15048","3","1.538","1.713","1.309","1.017","0.872","16/01/2018","ΝΟΜΟΣ ΑΡΓΟΛΙΔΟΣ","2018-01-16"
"15049","4","1.568","1.759","1.344","1.027","0.860","16/01/2018","ΝΟΜΟΣ ΑΡΚΑΔΙΑΣ","2018-01-16"
"15050","5","1.537","1.725","1.324","1.031","0.867","16/01/2018","ΝΟΜΟΣ ΑΡΤΗΣ","2018-01-16"
"15051","6","1.531","1.743","1.324","1.014","0.860","16/01/2018","ΝΟΜΟΣ ΑΧΑΪΑΣ","2018-01-16"
"15052","7","1.546","1.760","1.324","1.010","0.831","16/01/2018","ΝΟΜΟΣ ΒΟΙΩΤΙΑΣ","2018-01-16"
"15053","8","1.585","1.772","1.359","1.042","0.833","16/01/2018","ΝΟΜΟΣ ΓΡΕΒΕΝΩΝ","2018-01-16"
"15054","9","1.526","1.732","1.294","1.000","0.827","16/01/2018","ΝΟΜΟΣ ΔΡΑΜΑΣ","2018-01-16"
"15055","10","1.686","1.854","1.420","1.099","0.958","16/01/2018","ΝΟΜΟΣ ΔΩΔΕΚΑΝΗΣΟΥ","2018-01-16"
"74103","51","1.592","1.800","1.335","1.015","0.985","17/01/2018","ΝΟΜΟΣ ΧΙΟΥ","2018-01-17"
"74102","50","1.588","1.803","1.362","1.035","0.894","17/01/2018","ΝΟΜΟΣ ΧΑΝΙΩΝ","2018-01-17"
"74101","49","1.567","1.722","1.332","1.018","0.838","17/01/2018","ΝΟΜΟΣ ΧΑΛΚΙΔΙΚΗΣ","2018-01-17"
"74100","48","1.589","1.781","1.364","1.072","0.892","17/01/2018","ΝΟΜΟΣ ΦΩΚΙΔΟΣ","2018-01-17"
"74099","47","1.534","1.727","1.327","1.027","0.839","17/01/2018","ΝΟΜΟΣ ΦΛΩΡΙΝΗΣ","2018-01-17"
"74098","46","1.552","1.776","1.326","1.034","0.858","17/01/2018","ΝΟΜΟΣ ΦΘΙΩΤΙΔΟΣ","2018-01-17"
"74097","45","1.560","1.717","1.340","1.008","0.820","17/01/2018","ΝΟΜΟΣ ΤΡΙΚΑΛΩΝ","2018-01-17"
"74096","44","1.531","1.708","1.297","1.007","0.857","17/01/2018","ΝΟΜΟΣ ΣΕΡΡΩΝ","2018-01-17"
"74095","43","1.689","1.815","1.432","0.000","0.928","17/01/2018","ΝΟΜΟΣ ΣΑΜΟΥ","2018-01-17"
"74094","42","1.541","1.705","1.307","1.004","0.836","17/01/2018","ΝΟΜΟΣ ΡΟΔΟΠΗΣ","2018-01-17"
"74093","41","1.615","1.804","1.372","1.060","0.894","17/01/2018","ΝΟΜΟΣ ΡΕΘΥΜΝΗΣ","2018-01-17"
"74092","40","1.541","1.714","1.320","1.009","0.823","17/01/2018","ΝΟΜΟΣ ΠΡΕΒΕΖΗΣ","2018-01-17"
"74091","39","1.538","1.719","1.305","0.996","0.832","17/01/2018","ΝΟΜΟΣ ΠΙΕΡΙΑΣ","2018-01-17"
"74090","38","1.541","1.695","1.321","1.002","0.816","17/01/2018","ΝΟΜΟΣ ΠΕΛΛΗΣ","2018-01-17"
"74089","37","1.514","1.721","1.299","1.002","0.765","17/01/2018","ΝΟΜΟΣ ΞΑΝΘΗΣ","2018-01-17"
"74088","36","1.569","1.749","1.320","1.053","0.878","17/01/2018","ΝΟΜΟΣ ΜΕΣΣΗΝΙΑΣ","2018-01-17"
"74087","35","1.580","1.749","1.344","1.029","0.845","17/01/2018","ΝΟΜΟΣ ΜΑΓΝΗΣΙΑΣ","2018-01-17"
"74086","34","1.578","1.783","1.330","1.050","0.840","17/01/2018","ΝΟΜΟΣ ΛΕΥΚΑΔΟΣ","2018-01-17"
"74085","33","1.611","1.820","1.375","1.131","0.956","17/01/2018","ΝΟΜΟΣ ΛΕΣΒΟΥ","2018-01-17"
"74084","32","1.624","1.811","1.365","1.047","0.909","17/01/2018","ΝΟΜΟΣ ΛΑΣΙΘΙΟΥ","2018-01-17"
"74083","31","1.539","1.727","1.309","1.016","0.815","17/01/2018","ΝΟΜΟΣ ΛΑΡΙΣΗΣ","2018-01-17"
"74082","30","1.559","1.756","1.333","1.027","0.845","17/01/2018","ΝΟΜΟΣ ΛΑΚΩΝΙΑΣ","2018-01-17"
"74081","29","1.795","1.929","1.492","1.149","0.950","17/01/2018","ΝΟΜΟΣ ΚΥΚΛΑΔΩΝ","2018-01-17"
"74080","28","1.537","1.738","1.321","1.010","0.856","17/01/2018","ΝΟΜΟΣ ΚΟΡΙΝΘΙΑΣ","2018-01-17"
"74079","27","1.548","1.701","1.332","1.021","0.798","17/01/2018","ΝΟΜΟΣ ΚΟΖΑΝΗΣ","2018-01-17"
"74078","26","1.541","1.811","1.307","1.006","0.844","17/01/2018","ΝΟΜΟΣ ΚΙΛΚΙΣ","2018-01-17"
"74053","1","1.522","1.731","1.302","1.007","0.800","17/01/2018","ΝΟΜΟΣ ΑΤΤΙΚΗΣ","2018-01-17"
"74054","2","1.567","1.768","1.340","1.041","0.876","17/01/2018","ΝΟΜΟΣ ΑΙΤΩΛΙΑΣ ΚΑΙ ΑΚΑΡΝΑΝΙΑΣ","2018-01-17"
"74055","3","1.539","1.714","1.310","1.017","0.872","17/01/2018","ΝΟΜΟΣ ΑΡΓΟΛΙΔΟΣ","2018-01-17"
"74056","4","1.568","1.757","1.344","1.027","0.852","17/01/2018","ΝΟΜΟΣ ΑΡΚΑΔΙΑΣ","2018-01-17"
"74057","5","1.537","1.727","1.325","1.031","0.867","17/01/2018","ΝΟΜΟΣ ΑΡΤΗΣ","2018-01-17"
"74058","6","1.531","1.738","1.324","1.015","0.860","17/01/2018","ΝΟΜΟΣ ΑΧΑΪΑΣ","2018-01-17"
"74059","7","1.547","1.760","1.325","1.011","0.831","17/01/2018","ΝΟΜΟΣ ΒΟΙΩΤΙΑΣ","2018-01-17"
"74060","8","1.587","1.775","1.360","1.044","0.834","17/01/2018","ΝΟΜΟΣ ΓΡΕΒΕΝΩΝ","2018-01-17"
"74061","9","1.525","1.732","1.294","1.001","0.827","17/01/2018","ΝΟΜΟΣ ΔΡΑΜΑΣ","2018-01-17"
"74062","10","1.686","1.854","1.420","1.099","0.958","17/01/2018","ΝΟΜΟΣ ΔΩΔΕΚΑΝΗΣΟΥ","2018-01-17"
"74063","11","1.569","1.759","1.343","1.028","0.859","17/01/2018","ΝΟΜΟΣ ΕΒΡΟΥ","2018-01-17"
"74064","12","1.550","1.739","1.324","1.018","0.828","17/01/2018","ΝΟΜΟΣ ΕΥΒΟΙΑΣ","2018-01-17"
"74065","13","1.642","1.871","1.405","1.091","0.899","17/01/2018","ΝΟΜΟΣ ΕΥΡΥΤΑΝΙΑΣ","2018-01-17"
"74066","14","1.572","1.727","1.330","1.038","0.969","17/01/2018","ΝΟΜΟΣ ΖΑΚΥΝΘΟΥ","2018-01-17"
"74067","15","1.556","1.735","1.320","1.013","0.823","17/01/2018","ΝΟΜΟΣ ΗΛΕΙΑΣ","2018-01-17"
"74068","16","1.523","1.714","1.304","1.009","0.783","17/01/2018","ΝΟΜΟΣ ΗΜΑΘΙΑΣ","2018-01-17"
"74069","17","1.595","1.773","1.362","1.019","0.912","17/01/2018","ΝΟΜΟΣ ΗΡΑΚΛΕΙΟΥ","2018-01-17"
"74070","18","1.574","1.770","1.352","1.055","0.849","17/01/2018","ΝΟΜΟΣ ΘΕΣΠΡΩΤΙΑΣ","2018-01-17"
"74071","19","1.521","1.723","1.300","1.008","0.834","17/01/2018","ΝΟΜΟΣ ΘΕΣΣΑΛΟΝΙΚΗΣ","2018-01-17"
"74072","20","1.531","1.819","1.328","1.009","0.832","17/01/2018","ΝΟΜΟΣ ΙΩΑΝΝΙΝΩΝ","2018-01-17"
"74073","21","1.561","1.777","1.331","1.026","0.836","17/01/2018","ΝΟΜΟΣ ΚΑΒΑΛΑΣ","2018-01-17"
"74074","22","1.555","1.746","1.318","1.017","0.821","17/01/2018","ΝΟΜΟΣ ΚΑΡΔΙΤΣΗΣ","2018-01-17"
"74075","23","1.586","1.770","1.352","1.050","0.862","17/01/2018","ΝΟΜΟΣ ΚΑΣΤΟΡΙΑΣ","2018-01-17"
"74076","24","1.582","1.779","1.354","1.078","0.967","17/01/2018","ΝΟΜΟΣ ΚΕΡΚΥΡΑΣ","2018-01-17"
"74077","25","1.621","1.784","1.362","1.045","0.920","17/01/2018","ΝΟΜΟΣ ΚΕΦΑΛΛΗΝΙΑΣ","2018-01-17"
"19024","1","1.523","1.731","1.302","1.006","0.799","18/01/2018","ΝΟΜΟΣ ΑΤΤΙΚΗΣ","2018-01-18"
"19025","2","1.567","1.768","1.340","1.041","0.876","18/01/2018","ΝΟΜΟΣ ΑΙΤΩΛΙΑΣ ΚΑΙ ΑΚΑΡΝΑΝΙΑΣ","2018-01-18"
"19026","3","1.539","1.714","1.310","1.017","0.872","18/01/2018","ΝΟΜΟΣ ΑΡΓΟΛΙΔΟΣ","2018-01-18"
"19027","4","1.568","1.757","1.344","1.029","0.853","18/01/2018","ΝΟΜΟΣ ΑΡΚΑΔΙΑΣ","2018-01-18"
"19028","5","1.537","1.727","1.325","1.030","0.867","18/01/2018","ΝΟΜΟΣ ΑΡΤΗΣ","2018-01-18"
"19029","6","1.532","1.740","1.326","1.015","0.860","18/01/2018","ΝΟΜΟΣ ΑΧΑΪΑΣ","2018-01-18"
"19030","7","1.547","1.768","1.325","1.011","0.830","18/01/2018","ΝΟΜΟΣ ΒΟΙΩΤΙΑΣ","2018-01-18"
"19031","8","1.587","1.775","1.359","1.044","0.834","18/01/2018","ΝΟΜΟΣ ΓΡΕΒΕΝΩΝ","2018-01-18"
"19032","9","1.528","1.732","1.297","1.001","0.827","18/01/2018","ΝΟΜΟΣ ΔΡΑΜΑΣ","2018-01-18"
"19033","10","1.686","1.851","1.420","1.099","0.958","18/01/2018","ΝΟΜΟΣ ΔΩΔΕΚΑΝΗΣΟΥ","2018-01-18"
"19034","11","1.568","1.750","1.344","1.028","0.859","18/01/2018","ΝΟΜΟΣ ΕΒΡΟΥ","2018-01-18"
"19035","12","1.548","1.733","1.323","1.017","0.823","18/01/2018","ΝΟΜΟΣ ΕΥΒΟΙΑΣ","2018-01-18"
"19036","13","1.642","1.871","1.405","1.091","0.899","18/01/2018","ΝΟΜΟΣ ΕΥΡΥΤΑΝΙΑΣ","2018-01-18"
"19037","14","1.572","1.731","1.330","1.038","0.969","18/01/2018","ΝΟΜΟΣ ΖΑΚΥΝΘΟΥ","2018-01-18"
"19038","15","1.557","1.734","1.320","1.013","0.823","18/01/2018","ΝΟΜΟΣ ΗΛΕΙΑΣ","2018-01-18"
"19039","16","1.523","1.712","1.306","1.009","0.783","18/01/2018","ΝΟΜΟΣ ΗΜΑΘΙΑΣ","2018-01-18"
"19040","17","1.596","1.773","1.363","1.020","0.912","18/01/2018","ΝΟΜΟΣ ΗΡΑΚΛΕΙΟΥ","2018-01-18"
"19041","18","1.574","1.770","1.352","1.055","0.849","18/01/2018","ΝΟΜΟΣ ΘΕΣΠΡΩΤΙΑΣ","2018-01-18"
"19042","19","1.522","1.723","1.301","1.008","0.834","18/01/2018","ΝΟΜΟΣ ΘΕΣΣΑΛΟΝΙΚΗΣ","2018-01-18"
"19043","20","1.532","1.828","1.327","1.010","0.833","18/01/2018","ΝΟΜΟΣ ΙΩΑΝΝΙΝΩΝ","2018-01-18"
"19044","21","1.562","1.777","1.334","1.025","0.837","18/01/2018","ΝΟΜΟΣ ΚΑΒΑΛΑΣ","2018-01-18"
"19045","22","1.555","1.741","1.319","1.017","0.821","18/01/2018","ΝΟΜΟΣ ΚΑΡΔΙΤΣΗΣ","2018-01-18"
"19046","23","1.586","1.770","1.352","1.050","0.862","18/01/2018","ΝΟΜΟΣ ΚΑΣΤΟΡΙΑΣ","2018-01-18"
"19047","24","1.582","1.779","1.355","1.078","0.967","18/01/2018","ΝΟΜΟΣ ΚΕΡΚΥΡΑΣ","2018-01-18"
"19048","25","1.621","1.784","1.362","1.049","0.920","18/01/2018","ΝΟΜΟΣ ΚΕΦΑΛΛΗΝΙΑΣ","2018-01-18"
"19049","26","1.543","1.801","1.310","1.006","0.844","18/01/2018","ΝΟΜΟΣ ΚΙΛΚΙΣ","2018-01-18"
"19050","27","1.548","1.693","1.333","1.021","0.799","18/01/2018","ΝΟΜΟΣ ΚΟΖΑΝΗΣ","2018-01-18"
"19051","28","1.538","1.738","1.322","1.010","0.856","18/01/2018","ΝΟΜΟΣ ΚΟΡΙΝΘΙΑΣ","2018-01-18"
"19052","29","1.796","1.928","1.493","1.164","0.949","18/01/2018","ΝΟΜΟΣ ΚΥΚΛΑΔΩΝ","2018-01-18"
"19053","30","1.561","1.756","1.334","1.027","0.845","18/01/2018","ΝΟΜΟΣ ΛΑΚΩΝΙΑΣ","2018-01-18"
"19054","31","1.539","1.726","1.310","1.017","0.815","18/01/2018","ΝΟΜΟΣ ΛΑΡΙΣΗΣ","2018-01-18"
"19055","32","1.624","1.811","1.366","1.043","0.909","18/01/2018","ΝΟΜΟΣ ΛΑΣΙΘΙΟΥ","2018-01-18"
"19056","33","1.611","1.820","1.375","1.131","0.956","18/01/2018","ΝΟΜΟΣ ΛΕΣΒΟΥ","2018-01-18"
"19057","34","1.578","1.783","1.331","1.050","0.840","18/01/2018","ΝΟΜΟΣ ΛΕΥΚΑΔΟΣ","2018-01-18"
"19058","35","1.581","1.751","1.346","1.030","0.849","18/01/2018","ΝΟΜΟΣ ΜΑΓΝΗΣΙΑΣ","2018-01-18"
"19059","36","1.570","1.749","1.321","1.053","0.878","18/01/2018","ΝΟΜΟΣ ΜΕΣΣΗΝΙΑΣ","2018-01-18"
"19060","37","1.514","1.721","1.301","1.003","0.765","18/01/2018","ΝΟΜΟΣ ΞΑΝΘΗΣ","2018-01-18"
"19061","38","1.541","1.695","1.320","1.002","0.816","18/01/2018","ΝΟΜΟΣ ΠΕΛΛΗΣ","2018-01-18"
"19062","39","1.540","1.714","1.307","0.997","0.830","18/01/2018","ΝΟΜΟΣ ΠΙΕΡΙΑΣ","2018-01-18"
"19063","40","1.541","1.714","1.320","1.009","0.823","18/01/2018","ΝΟΜΟΣ ΠΡΕΒΕΖΗΣ","2018-01-18"
"19064","41","1.615","1.806","1.375","1.065","0.894","18/01/2018","ΝΟΜΟΣ ΡΕΘΥΜΝΗΣ","2018-01-18"
"19065","42","1.541","1.698","1.307","1.004","0.836","18/01/2018","ΝΟΜΟΣ ΡΟΔΟΠΗΣ","2018-01-18"
"19066","43","1.675","1.806","1.428","0.000","0.928","18/01/2018","ΝΟΜΟΣ ΣΑΜΟΥ","2018-01-18"
"19067","44","1.530","1.708","1.298","1.007","0.858","18/01/2018","ΝΟΜΟΣ ΣΕΡΡΩΝ","2018-01-18"
"19068","45","1.559","1.717","1.339","1.008","0.820","18/01/2018","ΝΟΜΟΣ ΤΡΙΚΑΛΩΝ","2018-01-18"
"19069","46","1.553","1.778","1.326","1.033","0.858","18/01/2018","ΝΟΜΟΣ ΦΘΙΩΤΙΔΟΣ","2018-01-18"
"19070","47","1.535","1.724","1.330","1.031","0.844","18/01/2018","ΝΟΜΟΣ ΦΛΩΡΙΝΗΣ","2018-01-18"
"19071","48","1.589","1.781","1.364","1.072","0.892","18/01/2018","ΝΟΜΟΣ ΦΩΚΙΔΟΣ","2018-01-18"
"19072","49","1.566","1.722","1.333","1.018","0.838","18/01/2018","ΝΟΜΟΣ ΧΑΛΚΙΔΙΚΗΣ","2018-01-18"
"19073","50","1.587","1.806","1.364","1.035","0.895","18/01/2018","ΝΟΜΟΣ ΧΑΝΙΩΝ","2018-01-18"
"19074","51","1.593","1.798","1.335","1.014","0.985","18/01/2018","ΝΟΜΟΣ ΧΙΟΥ","2018-01-18"
"82723","1","1.523","1.724","1.302","1.005","0.799","19/01/2018","ΝΟΜΟ΢ ΑΣΣΙΚΗ΢","2018-01-19"
"82724","2","1.568","1.764","1.341","1.042","0.876","19/01/2018","ΝΟΜΟ΢ ΑΙΣΩΛΙΑ΢ ΚΑΙ ΑΚΑΡΝΑΝΙΑ΢","2018-01-19"
"82725","3","1.539","1.710","1.310","1.017","0.872","19/01/2018","ΝΟΜΟ΢ ΑΡΓΟΛΙΔΟ΢","2018-01-19"
"82726","4","1.568","1.754","1.344","1.029","0.853","19/01/2018","ΝΟΜΟ΢ ΑΡΚΑΔΙΑ΢","2018-01-19"
"82727","5","1.536","1.713","1.328","1.032","0.867","19/01/2018","ΝΟΜΟ΢ ΑΡΣΗ΢","2018-01-19"
"82728","6","1.533","1.734","1.327","1.015","0.860","19/01/2018","ΝΟΜΟ΢ ΑΧΑΪΑ΢","2018-01-19"
"82729","7","1.548","1.759","1.325","1.010","0.831","19/01/2018","ΝΟΜΟ΢ ΒΟΙΩΣΙΑ΢","2018-01-19"
"82730","8","1.586","1.775","1.359","1.044","0.834","19/01/2018","ΝΟΜΟ΢ ΓΡΕΒΕΝΩΝ","2018-01-19"
"82731","9","1.529","1.727","1.298","1.002","0.827","19/01/2018","ΝΟΜΟ΢ ΔΡΑΜΑ΢","2018-01-19"
"82732","10","1.686","1.851","1.420","1.104","0.958","19/01/2018","ΝΟΜΟ΢ ΔΩΔΕΚΑΝΗ΢ΟΤ","2018-01-19"
"82733","11","1.569","1.746","1.344","1.028","0.856","19/01/2018","ΝΟΜΟ΢ ΕΒΡΟΤ","2018-01-19"
"82734","12","1.548","1.725","1.323","1.017","0.824","19/01/2018","ΝΟΜΟ΢ ΕΤΒΟΙΑ΢","2018-01-19"
"82735","13","1.642","1.871","1.405","1.091","0.899","19/01/2018","ΝΟΜΟ΢ ΕΤΡΤΣΑΝΙΑ΢","2018-01-19"
"82736","14","1.571","1.727","1.331","1.038","0.969","19/01/2018","ΝΟΜΟ΢ ΖΑΚΤΝΘΟΤ","2018-01-19"
"82737","15","1.556","1.735","1.320","1.013","0.823","19/01/2018","ΝΟΜΟ΢ ΗΛΕΙΑ΢","2018-01-19"
"82738","16","1.523","1.711","1.307","1.009","0.781","19/01/2018","ΝΟΜΟ΢ ΗΜΑΘΙΑ΢","2018-01-19"
"82739","17","1.596","1.764","1.363","1.020","0.911","19/01/2018","ΝΟΜΟ΢ ΗΡΑΚΛΕΙΟΤ","2018-01-19"
"82740","18","1.572","1.747","1.353","1.057","0.843","19/01/2018","ΝΟΜΟ΢ ΘΕ΢ΠΡΩΣΙΑ΢","2018-01-19"
"82741","19","1.522","1.716","1.302","1.008","0.834","19/01/2018","ΝΟΜΟ΢ ΘΕ΢΢ΑΛΟΝΙΚΗ΢","2018-01-19"
"82742","20","1.532","1.816","1.328","1.009","0.835","19/01/2018","ΝΟΜΟ΢ ΙΩΑΝΝΙΝΩΝ","2018-01-19"
"82743","21","1.562","1.771","1.334","1.026","0.837","19/01/2018","ΝΟΜΟ΢ ΚΑΒΑΛΑ΢","2018-01-19"
"82744","22","1.555","1.737","1.319","1.019","0.821","19/01/2018","ΝΟΜΟ΢ ΚΑΡΔΙΣ΢Η΢","2018-01-19"
"82745","23","1.586","1.753","1.350","1.053","0.862","19/01/2018","ΝΟΜΟ΢ ΚΑ΢ΣΟΡΙΑ΢","2018-01-19"
"82746","24","1.582","1.774","1.354","1.080","0.967","19/01/2018","ΝΟΜΟ΢ ΚΕΡΚΤΡΑ΢","2018-01-19"
"82747","25","1.623","1.776","1.364","1.049","0.920","19/01/2018","ΝΟΜΟ΢ ΚΕΦΑΛΛΗΝΙΑ΢","2018-01-19"
"82748","26","1.544","1.801","1.310","1.006","0.846","19/01/2018","ΝΟΜΟ΢ ΚΙΛΚΙ΢","2018-01-19"
"82749","27","1.548","1.693","1.333","1.021","0.799","19/01/2018","ΝΟΜΟ΢ ΚΟΖΑΝΗ΢","2018-01-19"
"82750","28","1.541","1.739","1.322","1.010","0.856","19/01/2018","ΝΟΜΟ΢ ΚΟΡΙΝΘΙΑ΢","2018-01-19"
"82751","29","1.797","1.921","1.494","1.166","0.949","19/01/2018","ΝΟΜΟ΢ ΚΤΚΛΑΔΩΝ","2018-01-19"
"82752","30","1.562","1.750","1.335","1.030","0.850","19/01/2018","ΝΟΜΟ΢ ΛΑΚΩΝΙΑ΢","2018-01-19"
"82753","31","1.540","1.720","1.311","1.017","0.816","19/01/2018","ΝΟΜΟ΢ ΛΑΡΙ΢Η΢","2018-01-19"
"82754","32","1.626","1.808","1.369","1.043","0.909","19/01/2018","ΝΟΜΟ΢ ΛΑ΢ΙΘΙΟΤ","2018-01-19"
"82755","33","1.611","1.817","1.375","1.131","0.954","19/01/2018","ΝΟΜΟ΢ ΛΕ΢ΒΟΤ","2018-01-19"
"82756","34","1.578","1.776","1.331","1.050","0.840","19/01/2018","ΝΟΜΟ΢ ΛΕΤΚΑΔΟ΢","2018-01-19"
"82757","35","1.583","1.746","1.347","1.031","0.849","19/01/2018","ΝΟΜΟ΢ ΜΑΓΝΗ΢ΙΑ΢","2018-01-19"
"82758","36","1.570","1.745","1.322","1.054","0.878","19/01/2018","ΝΟΜΟ΢ ΜΕ΢΢ΗΝΙΑ΢","2018-01-19"
"82759","37","1.513","1.721","1.298","1.003","0.765","19/01/2018","ΝΟΜΟ΢ ΞΑΝΘΗ΢","2018-01-19"
"82760","38","1.541","1.682","1.321","1.003","0.813","19/01/2018","ΝΟΜΟ΢ ΠΕΛΛΗ΢","2018-01-19"
"82761","39","1.540","1.712","1.308","0.997","0.836","19/01/2018","ΝΟΜΟ΢ ΠΙΕΡΙΑ΢","2018-01-19"
"82762","40","1.541","1.706","1.318","1.008","0.823","19/01/2018","ΝΟΜΟ΢ ΠΡΕΒΕΖΗ΢","2018-01-19"
"82763","41","1.615","1.796","1.375","1.065","0.894","19/01/2018","ΝΟΜΟ΢ ΡΕΘΤΜΝΗ΢","2018-01-19"
"82764","42","1.542","1.695","1.309","1.004","0.836","19/01/2018","ΝΟΜΟ΢ ΡΟΔΟΠΗ΢","2018-01-19"
"82765","43","1.690","1.802","1.427","0.000","0.928","19/01/2018","ΝΟΜΟ΢ ΢ΑΜΟΤ","2018-01-19"
"82766","44","1.532","1.710","1.298","1.007","0.858","19/01/2018","ΝΟΜΟ΢ ΢ΕΡΡΩΝ","2018-01-19"
"82767","45","1.560","1.722","1.342","1.008","0.820","19/01/2018","ΝΟΜΟ΢ ΣΡΙΚΑΛΩΝ","2018-01-19"
"82768","46","1.553","1.774","1.326","1.033","0.858","19/01/2018","ΝΟΜΟ΢ ΦΘΙΩΣΙΔΟ΢","2018-01-19"
"82769","47","1.538","1.718","1.331","1.033","0.844","19/01/2018","ΝΟΜΟ΢ ΦΛΩΡΙΝΗ΢","2018-01-19"
"82770","48","1.589","1.777","1.364","1.072","0.892","19/01/2018","ΝΟΜΟ΢ ΦΩΚΙΔΟ΢","2018-01-19"
"82771","49","1.566","1.720","1.333","1.014","0.838","19/01/2018","ΝΟΜΟ΢ ΧΑΛΚΙΔΙΚΗ΢","2018-01-19"
"82772","50","1.587","1.791","1.362","1.035","0.895","19/01/2018","ΝΟΜΟ΢ ΧΑΝΙΩΝ","2018-01-19"
"82773","51","1.593","1.793","1.335","1.016","0.985","19/01/2018","ΝΟΜΟ΢ ΧΙΟΤ","2018-01-19"
"67932","51","1.594","1.786","1.336","1.017","0.985","20/01/2018","ΝΟΜΟ΢ ΧΙΟΤ","2018-01-20"
"67931","50","1.584","1.794","1.364","1.037","0.897","20/01/2018","ΝΟΜΟ΢ ΧΑΝΙΩΝ","2018-01-20"
"67930","49","1.566","1.723","1.333","1.014","0.838","20/01/2018","ΝΟΜΟ΢ ΧΑΛΚΙΔΙΚΗ΢","2018-01-20"
"67929","48","1.589","1.777","1.364","1.071","0.892","20/01/2018","ΝΟΜΟ΢ ΦΩΚΙΔΟ΢","2018-01-20"
"67928","47","1.540","1.718","1.331","1.033","0.844","20/01/2018","ΝΟΜΟ΢ ΦΛΩΡΙΝΗ΢","2018-01-20"
"67927","46","1.554","1.780","1.327","1.033","0.858","20/01/2018","ΝΟΜΟ΢ ΦΘΙΩΣΙΔΟ΢","2018-01-20"
"67926","45","1.560","1.722","1.342","1.008","0.820","20/01/2018","ΝΟΜΟ΢ ΣΡΙΚΑΛΩΝ","2018-01-20"
"67925","44","1.532","1.711","1.298","1.007","0.856","20/01/2018","ΝΟΜΟ΢ ΢ΕΡΡΩΝ","2018-01-20"
"67924","43","1.682","1.802","1.420","0.000","0.928","20/01/2018","ΝΟΜΟ΢ ΢ΑΜΟΤ","2018-01-20"
"67923","42","1.542","1.695","1.308","1.004","0.837","20/01/2018","ΝΟΜΟ΢ ΡΟΔΟΠΗ΢","2018-01-20"
"67922","41","1.615","1.796","1.374","1.064","0.909","20/01/2018","ΝΟΜΟ΢ ΡΕΘΤΜΝΗ΢","2018-01-20"
"67921","40","1.541","1.707","1.319","1.008","0.815","20/01/2018","ΝΟΜΟ΢ ΠΡΕΒΕΖΗ΢","2018-01-20"
"67920","39","1.540","1.710","1.308","0.997","0.836","20/01/2018","ΝΟΜΟ΢ ΠΙΕΡΙΑ΢","2018-01-20"
"67919","38","1.541","1.684","1.322","1.005","0.815","20/01/2018","ΝΟΜΟ΢ ΠΕΛΛΗ΢","2018-01-20"
"67918","37","1.511","1.721","1.299","1.003","0.765","20/01/2018","ΝΟΜΟ΢ ΞΑΝΘΗ΢","2018-01-20"
"67917","36","1.571","1.746","1.322","1.054","0.878","20/01/2018","ΝΟΜΟ΢ ΜΕ΢΢ΗΝΙΑ΢","2018-01-20"
"67916","35","1.583","1.746","1.347","1.031","0.849","20/01/2018","ΝΟΜΟ΢ ΜΑΓΝΗ΢ΙΑ΢","2018-01-20"
"67915","34","1.581","1.795","1.333","1.050","0.844","20/01/2018","ΝΟΜΟ΢ ΛΕΤΚΑΔΟ΢","2018-01-20"
"67914","33","1.611","1.817","1.375","1.131","0.954","20/01/2018","ΝΟΜΟ΢ ΛΕ΢ΒΟΤ","2018-01-20"
"67913","32","1.626","1.808","1.370","1.043","0.909","20/01/2018","ΝΟΜΟ΢ ΛΑ΢ΙΘΙΟΤ","2018-01-20"
"67912","31","1.540","1.719","1.311","1.017","0.816","20/01/2018","ΝΟΜΟ΢ ΛΑΡΙ΢Η΢","2018-01-20"
"67911","30","1.561","1.746","1.334","1.030","0.844","20/01/2018","ΝΟΜΟ΢ ΛΑΚΩΝΙΑ΢","2018-01-20"
"67910","29","1.799","1.923","1.495","1.173","0.949","20/01/2018","ΝΟΜΟ΢ ΚΤΚΛΑΔΩΝ","2018-01-20"
"67909","28","1.542","1.742","1.323","1.010","0.856","20/01/2018","ΝΟΜΟ΢ ΚΟΡΙΝΘΙΑ΢","2018-01-20"
"67908","27","1.548","1.683","1.333","1.021","0.799","20/01/2018","ΝΟΜΟ΢ ΚΟΖΑΝΗ΢","2018-01-20"
"67907","26","1.542","1.798","1.308","1.005","0.848","20/01/2018","ΝΟΜΟ΢ ΚΙΛΚΙ΢","2018-01-20"
"67906","25","1.623","1.776","1.364","1.049","0.920","20/01/2018","ΝΟΜΟ΢ ΚΕΦΑΛΛΗΝΙΑ΢","2018-01-20"
"67905","24","1.583","1.771","1.354","1.082","0.967","20/01/2018","ΝΟΜΟ΢ ΚΕΡΚΤΡΑ΢","2018-01-20"
"67904","23","1.586","1.753","1.351","1.053","0.851","20/01/2018","ΝΟΜΟ΢ ΚΑ΢ΣΟΡΙΑ΢","2018-01-20"
"67903","22","1.555","1.737","1.318","1.019","0.821","20/01/2018","ΝΟΜΟ΢ ΚΑΡΔΙΣ΢Η΢","2018-01-20"
"67902","21","1.561","1.777","1.335","1.026","0.837","20/01/2018","ΝΟΜΟ΢ ΚΑΒΑΛΑ΢","2018-01-20"
